uid,id.orig_p,id.resp_p,proto,service,duration,orig_bytes,resp_bytes,conn_state,local_orig,local_resp,missed_bytes,history,orig_pkts,orig_ip_bytes,resp_pkts,resp_ip_bytes,tunnel_parents,ip_proto,device
CaEiMO20xLtthzcXu3,38100,80,tcp,http,0.024235,201,885,SF,T,T,0,SADadfF,6,521,4,1093,-,6,HueSwitch
CmYlov1xslHMfARf2i,41909,80,tcp,http,0.019374,201,885,SF,T,T,0,ShADadfF,6,521,5,1153,-,6,HueSwitch
CcIPlxHo2GLxqOO01,43760,80,tcp,http,0.021237,201,885,SF,T,T,0,ShADadfF,6,521,5,1153,-,6,HueSwitch
CtoDXz3b4PKLIW3qTb,39931,80,tcp,http,0.018778,201,885,SF,T,T,0,ShADadfF,6,521,5,1153,-,6,HueSwitch
CikKtp4hvgsl7tUL1,44465,80,tcp,http,0.019051,201,885,SF,T,T,0,ShADadfF,6,521,5,1153,-,6,HueSwitch
CI66wu2UB9f2oQtlt3,42276,80,tcp,http,0.018782,201,885,SF,T,T,0,ShADadfF,6,521,5,1153,-,6,HueSwitch
CmfcWw43MScsJAvkrb,57570,80,tcp,http,0.010151,201,885,SF,T,T,0,ShADadftF,7,585,6,2073,-,6,HueSwitch
ChL4xqkc5IU6XUbM8,34966,80,tcp,http,0.007541,201,885,SF,T,T,0,ShADadfF,6,521,5,1153,-,6,HueSwitch
CBDLcG4NW8zylXkHNc,41425,80,tcp,http,0.008689,201,885,SF,T,T,0,ShADadfF,6,521,5,1153,-,6,HueSwitch
CzDOhI28a7Ja7ccgCj,58703,80,tcp,http,0.021797,193,4548,SF,T,T,0,ShADadfF,11,773,11,5128,-,6,HueSwitch
CceuI38waGw8udKYf,57649,80,tcp,http,0.008582,201,885,SF,T,T,0,ShADadftF,7,585,6,2073,-,6,HueSwitch
CbdRpb4fz6ut2E0keg,43753,80,tcp,http,0.008398,201,885,SF,T,T,0,ShADadfF,6,521,5,1153,-,6,HueSwitch
CAmhnK2W3IoEPWdB84,49029,80,tcp,http,0.012454,201,885,SF,T,T,0,ShADadfF,6,521,5,1153,-,6,HueSwitch
C7Gv7S36M8rn8eem23,60585,80,tcp,http,0.011906,201,885,SF,T,T,0,ShADadfF,6,521,5,1153,-,6,HueSwitch
Coc3dm3CKUigu8wmI2,49725,80,tcp,http,0.012836,201,885,SF,T,T,0,ShADadftF,7,585,6,2073,-,6,HueSwitch
CFBUTAAEAS1hJ0Pkc,57347,80,tcp,http,0.016791,201,885,SF,T,T,0,ShADadfF,6,521,5,1153,-,6,HueSwitch
Ch5KKZ1KDIrdQBFzoe,47634,80,tcp,http,0.009908,201,885,SF,T,T,0,ShADadftF,7,585,6,2073,-,6,HueSwitch
CguGRB2Ulcwr4hv3Tb,60044,80,tcp,http,0.008718,201,885,SF,T,T,0,ShADadfF,6,521,5,1153,-,6,HueSwitch
CIRnSF1R83DqrXWMIi,56302,80,tcp,http,0.009333,201,885,SF,T,T,0,ShADadfF,6,521,5,1153,-,6,HueSwitch
C4UsZp2SmoEFFfunnd,34903,80,tcp,http,0.017811,201,885,SF,T,T,0,ShADadfF,6,521,5,1153,-,6,HueSwitch
ChNoQV1tK2AFzBWiG7,37841,80,tcp,http,0.097841,275,456,SF,T,T,0,ShADadftF,8,711,8,913,-,6,HueSwitch
CCzuHz34z9ZKb9DNZj,59533,80,tcp,http,0.084390,201,664,SF,T,T,0,ShADadftF,7,585,6,1631,-,6,HueSwitch
CgosvzoWeLOZtTwtl,50071,80,tcp,http,0.067178,272,453,SF,T,T,0,ShADadfF,7,644,7,825,-,6,HueSwitch
CFT05e2YZP3m9RoGDc,44378,80,tcp,http,0.063382,272,453,SF,T,T,0,ShADadfF,7,644,7,825,-,6,HueSwitch
CzEpXh1Uw8G8Gaybz4,44038,80,tcp,http,0.062115,272,453,SF,T,T,0,ShADadfF,7,644,7,825,-,6,HueSwitch
Cry9lY28HTPuH1Fvxh,58787,80,tcp,http,0.061177,272,453,SF,T,T,0,ShADadfF,7,644,7,825,-,6,HueSwitch
C9PhXk462nAtKAhiT5,35192,80,tcp,http,0.011571,201,664,SF,T,T,0,ShADadfF,6,521,5,932,-,6,HueSwitch
CSe9lw3a6jb4F1Y5b,32843,80,tcp,http,0.014095,201,664,SF,T,T,0,ShADadfF,6,521,5,932,-,6,HueSwitch
CnHPNi1kqcjfhq4kxk,34748,80,tcp,http,0.018498,201,664,SF,T,T,0,ShADadfF,6,521,5,932,-,6,HueSwitch
CmRlnP3QFRN3B47VX4,43917,80,tcp,http,0.010638,201,664,SF,T,T,0,ShADadfF,6,521,5,932,-,6,HueSwitch
CsONvS3HPQJJQkZnc8,50611,80,tcp,http,0.010483,201,664,SF,T,T,0,ShADadfF,6,521,5,932,-,6,HueSwitch
CzuZP01dfcCgRrK4x1,38039,80,tcp,http,0.011997,201,664,SF,T,T,0,ShADadfF,6,521,5,932,-,6,HueSwitch
CxE1rtaMNwdfKY3i,48131,80,tcp,http,0.010942,201,664,SF,T,T,0,ShADadfF,6,521,5,932,-,6,HueSwitch
Ca0XyE3CUQfK7KK5Bj,39776,80,tcp,http,0.015219,201,664,SF,T,T,0,ShADadfF,6,521,5,932,-,6,HueSwitch
CWEpkx2ZmZrRJEuBW5,47038,80,tcp,http,0.014482,201,664,SF,T,T,0,ShADadftF,7,585,6,1631,-,6,HueSwitch
CJFKi6mmU4iMyvSr5,32830,80,tcp,http,0.015108,193,2672,SF,T,T,0,ShADadfF,9,669,8,3096,-,6,HueSwitch
CpdHlnePz0sc6xq9e,34856,80,tcp,http,0.010703,201,664,SF,T,T,0,ShADadfF,6,521,5,932,-,6,HueSwitch
Cm1abNs1A4p0kTcxc,46739,80,tcp,http,0.018202,271,475,SF,T,T,0,ShADadfF,5,539,5,743,-,6,HueSwitch
C8mi1n2kbEnkjHAnZd,49385,80,tcp,http,0.015126,205,443,SF,T,T,0,ShADadftF,6,537,6,1189,-,6,HueSwitch
CdJgVj1le7FeDZ5Xrf,54713,80,tcp,http,0.020831,205,443,SF,T,T,0,ShADadfF,5,473,5,711,-,6,HueSwitch
CFftBM1FlMXq2XE5ed,44268,80,tcp,http,0.023763,193,2672,SF,T,T,0,ShADadfF,7,565,7,3044,-,6,HueSwitch
COal782Q6Y8dxZKwqf,45553,80,tcp,http,0.022297,205,443,SF,T,T,0,ShADadfF,5,473,5,711,-,6,HueSwitch
CwYQKr4MmPavRW3Zaj,50858,80,tcp,http,0.011342,205,443,SF,T,T,0,ShADadfF,5,473,5,711,-,6,HueSwitch
C0sZMw4QeRDUUrYqyh,44105,80,tcp,http,0.026174,205,443,SF,T,T,0,ShADadfF,5,473,5,711,-,6,HueSwitch
CibR1frHwxUjKXPp9,47330,80,tcp,http,0.014967,205,443,SF,T,T,0,ShADadfF,5,473,5,711,-,6,HueSwitch
CxSkym4STKR2eSdYz4,43175,80,tcp,http,0.015442,205,443,SF,T,T,0,ShADadfF,5,473,5,711,-,6,HueSwitch
C9OA594BOKafMSdes3,43214,80,tcp,http,0.023873,193,2880,SF,T,T,0,ShADadfF,8,617,8,3304,-,6,HueSwitch
CfUGxdf7fsfgdDIDi,44718,80,tcp,http,0.011952,205,470,SF,T,T,0,ShADadfF,5,473,5,738,-,6,HueSwitch
CCSOOg4dAFp3pr4s4,42374,80,tcp,http,0.016640,193,2880,SF,T,T,0,ShADadfF,9,669,9,3356,-,6,HueSwitch
C4mnUqV8a9mFDJYc7,42645,80,tcp,http,0.010826,201,872,SF,T,T,0,ShADadfF,6,521,5,1140,-,6,HueSwitch
C0ksI214QkgDBTUdxc,55985,80,tcp,http,0.019415,320,546,SF,T,T,0,ShADadftF,7,692,7,918,-,6,HueSwitch
CX43vx3CqNpHSP6qFj,44112,80,tcp,http,0.027937,538,445,SF,T,T,0,ShADadfF,7,910,7,817,-,6,HueSwitch
C6WV2d368jBlBgaQSe,47520,80,tcp,http,0.032369,539,445,SF,T,T,0,ShADadftF,8,975,8,891,-,6,HueSwitch
CeSrOO4cvHXn9Q6dd,33571,80,tcp,http,0.019113,319,545,SF,T,T,0,ShADadfF,7,691,7,917,-,6,HueSwitch
Cn4eEu2hfC4mcNxlqi,52430,80,tcp,http,0.032849,538,445,SF,T,T,0,ShADadfF,7,910,7,817,-,6,HueSwitch
C9yjbu1WrMpxw5RlY4,32827,80,tcp,http,0.018941,320,546,SF,T,T,0,ShADadfF,7,692,7,918,-,6,HueSwitch
CBBc8y3mAcSOrju91g,35887,80,tcp,http,0.033199,538,445,SF,T,T,0,ShADadfF,7,910,7,817,-,6,HueSwitch
CZxcKS1kPtR3c9kiH9,55474,80,tcp,http,0.011481,201,872,SF,T,T,0,ShADadfF,6,521,5,1140,-,6,HueSwitch
CSq7RXbUdJ3YCTDhd,41886,80,tcp,http,0.014498,199,2059,SF,T,T,0,ShADadfF,7,571,6,2379,-,6,HueSwitch
CmzgUO25hvwWnlk43d,58195,80,tcp,http,0.020011,201,872,SF,T,T,0,ShADadftF,7,585,6,2047,-,6,HueSwitch
CbwXWu1uIcvZYxO9Y8,40072,80,tcp,http,0.009614,201,872,SF,T,T,0,ShADadfF,6,521,5,1140,-,6,HueSwitch
CBE37j4zG5Z5T1TzY3,50499,80,tcp,http,0.020782,205,470,SF,T,T,0,ShADadfF,5,473,5,738,-,6,HueSwitch
C0pZf626eZE3OLQ3se,39115,80,tcp,http,0.021093,201,872,SF,T,T,0,ShADadfF,6,521,5,1140,-,6,HueSwitch
CR3k9L2Rcgp8SuKBE2,57673,80,tcp,http,0.018540,201,872,SF,T,T,0,ShADadfF,6,521,5,1140,-,6,HueSwitch
C7LfWl4q807dJuvkY8,53269,80,tcp,http,0.017781,201,872,SF,T,T,0,ShADadfF,6,521,5,1140,-,6,HueSwitch
C4OIMd3RgIglALLBJ3,56123,80,tcp,http,0.017307,201,872,SF,T,T,0,ShADadfF,6,521,5,1140,-,6,HueSwitch
Ct1zfq18gC5yl8vRck,41908,80,tcp,http,0.008985,201,872,SF,T,T,0,ShADadfF,6,521,5,1140,-,6,HueSwitch
COQp883gOhKKURrfT4,57604,80,tcp,http,0.007545,205,470,SF,T,T,0,ShADadfF,5,473,5,738,-,6,HueSwitch
C0V7T93VvufSgcxFy9,57175,80,tcp,http,0.010617,201,872,SF,T,T,0,ShADadfF,6,521,5,1140,-,6,HueSwitch
CGR5c23wmC3Ifa2An2,55014,80,tcp,http,0.011628,201,872,SF,T,T,0,ShADadfF,6,521,5,1140,-,6,HueSwitch
CX0uc31l7fTTlrLUP3,41983,80,tcp,http,0.017509,205,470,SF,T,T,0,ShADadfF,5,473,5,738,-,6,HueSwitch
C8r2vx3dSoEZaRDAo4,34809,80,tcp,http,0.010412,201,872,SF,T,T,0,ShADadfF,6,521,5,1140,-,6,HueSwitch
CYDzuuTErv5luBD8l,39382,80,tcp,http,0.063290,272,453,SF,T,T,0,ShADadfF,7,644,7,825,-,6,HueSwitch
C2yiwy4XCBZ03zFRH,39815,80,tcp,http,0.024485,201,872,SF,T,T,0,ShADadfF,6,521,5,1140,-,6,HueSwitch
CfCFc4Kwez39PZOC2,49285,80,tcp,http,0.019744,319,545,SF,T,T,0,ShADadfF,7,691,7,917,-,6,HueSwitch
C65BvQ1VycRg1tNF7c,34345,80,tcp,http,0.033805,542,445,SF,T,T,0,ShADadfF,7,914,7,817,-,6,HueSwitch
CycKRn1i1sciip9VIj,51693,80,tcp,http,0.028139,201,872,SF,T,T,0,ShADadfF,6,521,5,1140,-,6,HueSwitch
CljUEgnzPuC3svCX3,35066,80,tcp,http,0.017169,201,872,SF,T,T,0,ShADadfF,6,521,5,1140,-,6,HueSwitch
CFQ00FxMl7ZHNcoyl,42834,80,tcp,http,0.007706,201,872,SF,T,T,0,ShADadfF,6,521,5,1140,-,6,HueSwitch
CQA0gR1lZH3iOtYcT,33841,80,tcp,http,0.014678,205,470,SF,T,T,0,ShADadfF,5,473,5,738,-,6,HueSwitch
CLW7Fi261hJ5Haq8g,60707,80,tcp,http,0.011740,201,872,SF,T,T,0,ShADadfF,6,521,5,1140,-,6,HueSwitch
C8wXuw4olqE88QGkL6,54845,80,tcp,http,0.016718,201,872,SF,T,T,0,ShADadfF,6,521,5,1140,-,6,HueSwitch
CoWRGP3sBKzxH7gud,52214,80,tcp,http,0.016751,201,872,SF,T,T,0,ShADadfF,6,521,5,1140,-,6,HueSwitch
C6RcTg2pY1mMtxRMEi,38443,80,tcp,http,0.022916,193,4520,SF,T,T,0,ShADadfF,9,669,9,4996,-,6,HueSwitch
CtoLV22y8MJxc9nhMf,46699,80,tcp,http,0.010052,201,872,SF,T,T,0,ShADadfF,6,521,5,1140,-,6,HueSwitch
CdJOKVhCAcOnjuuWj,38511,80,tcp,http,0.008025,205,470,SF,T,T,0,ShADadfF,5,473,5,738,-,6,HueSwitch
C1vPpb3P0l5W0pRnv4,42157,80,tcp,http,0.027153,201,872,SF,T,T,0,ShADadfF,6,521,5,1140,-,6,HueSwitch
CQ4dkW545Stx5or77,51266,80,tcp,http,0.021114,201,872,SF,T,T,0,ShADadftF,7,585,6,2047,-,6,HueSwitch
CYddb74gjgmVrh6rKg,51169,80,tcp,http,0.018146,201,872,SF,T,T,0,ShADadfF,6,521,5,1140,-,6,HueSwitch
CzvyGc4z4IMk6UK2ja,37167,80,tcp,http,0.019197,201,872,SF,T,T,0,ShADadftF,7,585,6,2047,-,6,HueSwitch
C6FWtn164l6beSKUG4,60605,80,tcp,http,0.015577,205,470,SF,T,T,0,ShADadfF,5,473,5,738,-,6,HueSwitch
CdqX9S1xePQijPPzpl,44584,80,tcp,http,0.017101,201,872,SF,T,T,0,ShADadfF,6,521,5,1140,-,6,HueSwitch
CHTVlj30nNDbtIHuPc,34090,80,tcp,http,0.018727,201,872,SF,T,T,0,ShADadfF,6,521,5,1140,-,6,HueSwitch
CGda9Q2ESExkz4buGc,42983,80,tcp,http,0.019201,201,872,SF,T,T,0,ShADadfF,6,521,5,1140,-,6,HueSwitch
CO49O42akvFOIhnOK7,50042,80,tcp,http,0.016875,201,872,SF,T,T,0,ShADadfF,5,469,5,1140,-,6,HueSwitch
CaFlmd2G7YIZCu4XRb,57475,80,tcp,http,0.014201,205,470,SF,T,T,0,ShADadfF,5,473,5,738,-,6,HueSwitch
CDUpRFHedahGEFYcg,38369,80,tcp,http,0.018171,201,872,SF,T,T,0,ShADadfF,6,521,5,1140,-,6,HueSwitch
CdaQpb3JgiK1ERyZx,60162,80,tcp,http,0.017315,201,872,SF,T,T,0,ShADadfF,6,521,5,1140,-,6,HueSwitch
CboQav3wrKvUiOeSN3,37867,80,tcp,http,0.019127,201,872,SF,T,T,0,ShADadfF,6,521,5,1140,-,6,HueSwitch
CVZaOs1SAwLHVQ75j6,55920,80,tcp,http,0.018162,201,885,SF,T,T,0,ShADadfF,6,521,5,1153,-,6,HueSwitch
CBL8Zb3vtQx6xVPbc2,35436,80,tcp,http,0.014981,205,470,SF,T,T,0,ShADadfF,5,473,5,738,-,6,HueSwitch
CnYINM26XOi8cVUhIb,48771,80,tcp,http,0.017181,201,885,SF,T,T,0,ShADadfF,6,521,5,1153,-,6,HueSwitch
CchUfM27VgZanXOZle,44726,80,tcp,http,0.018625,201,885,SF,T,T,0,ShADadfF,6,521,5,1153,-,6,HueSwitch
CcWcFhWoO14uFFvl,60554,80,tcp,http,0.020145,201,885,SF,T,T,0,ShADadfF,6,521,5,1153,-,6,HueSwitch
CZKn9R2xKzt0UEBiQi,32797,80,tcp,http,0.016138,201,885,SF,T,T,0,ShADadfF,6,521,5,1153,-,6,HueSwitch
CsCPGa1LPbTee4gOW2,42645,80,tcp,http,0.009501,205,470,SF,T,T,0,ShADadfF,5,473,5,738,-,6,HueSwitch
Ce8nheXTHIYlQJge4,38974,80,tcp,http,0.018386,201,885,SF,T,T,0,ShADadfF,6,521,5,1153,-,6,HueSwitch
CYiHg3QGRxkHj3Bgc,53646,80,tcp,http,0.018159,201,885,SF,T,T,0,ShADadfF,6,521,5,1153,-,6,HueSwitch
Cd8IIe4GIq7N3JwuQc,57020,80,tcp,http,0.019106,201,885,SF,T,T,0,ShADadfF,6,521,5,1153,-,6,HueSwitch
CJyJnb3MH4p78cy3q5,50178,80,tcp,http,0.022295,193,4563,SF,T,T,0,ShADadfF,8,617,8,4987,-,6,HueSwitch
CRVlU23anOr2Xs7Cnj,36772,80,tcp,http,0.009781,201,885,SF,T,T,0,ShADadftF,7,585,6,2073,-,6,HueSwitch
CgpKb54tOwzNWqegG4,38970,80,tcp,http,0.007989,205,470,SF,T,T,0,ShADadfF,5,473,5,738,-,6,HueSwitch
CvZXCzssqddkKSfPa,59831,80,tcp,http,0.019578,201,885,SF,T,T,0,ShADadfF,6,521,5,1153,-,6,HueSwitch
CiHLXj4BqNdSxNRdse,38399,80,tcp,http,0.017976,201,885,SF,T,T,0,ShADadftF,7,585,6,2073,-,6,HueSwitch
Cbzv4k3Ma058koL4g,48625,80,tcp,http,0.018203,201,885,SF,T,T,0,ShADadfF,6,521,5,1153,-,6,HueSwitch
CJZolq4Rpvhuyw0kf7,42690,80,tcp,http,0.019573,201,885,SF,T,T,0,ShADadfF,6,521,5,1153,-,6,HueSwitch
CWP9giAeYVdyfFXa2,59116,80,tcp,http,0.011073,205,470,SF,T,T,0,ShADadfF,5,473,5,738,-,6,HueSwitch
CHfEAk4WAJwLLgh2oj,56828,80,tcp,http,0.021453,201,885,SF,T,T,0,ShADadfF,6,521,5,1153,-,6,HueSwitch
CfXWXn4nnEuch5jjQl,45031,80,tcp,http,0.016859,201,885,SF,T,T,0,ShADadfF,6,521,5,1153,-,6,HueSwitch
C0Mwb14i0iPiu0Xqtj,46217,80,tcp,http,0.019236,201,885,SF,T,T,0,ShADadfF,6,521,5,1153,-,6,HueSwitch
CUnVJdmPkKYNGBkCk,39090,80,tcp,http,0.021928,201,885,SF,T,T,0,ShADadfF,6,521,5,1153,-,6,HueSwitch
Ce7hS83Pu2UUCUj6u6,53422,80,tcp,http,0.015404,205,470,SF,T,T,0,ShADadfF,5,473,5,738,-,6,HueSwitch
Cw6KONXivBnQKROP,35565,80,tcp,http,0.017560,201,885,SF,T,T,0,ShADadfF,6,521,5,1153,-,6,HueSwitch
CnAaN12Qov1skaDym4,50821,80,tcp,http,0.020021,201,885,SF,T,T,0,ShADadfF,6,521,5,1153,-,6,HueSwitch
CEpZxG2gw0ZFuy48l,45325,80,tcp,http,0.018568,201,885,SF,T,T,0,ShADadfF,6,521,5,1153,-,6,HueSwitch
CUeJxb7nsGwux0Hpf,60560,80,tcp,http,0.018278,201,885,SF,T,T,0,ShADadfF,6,521,5,1153,-,6,HueSwitch
CRC3Id1xDnWROiaTc4,45347,80,tcp,http,0.012298,205,483,SF,T,T,0,ShADadfF,5,473,5,751,-,6,HueSwitch
CIqqJiuwTfbaZ6GP9,39494,80,tcp,http,0.013145,201,885,SF,T,T,0,ShADadfF,6,521,5,1153,-,6,HueSwitch
CofHUC1jmqIvxG3X6i,42314,80,tcp,http,0.019693,201,885,SF,T,T,0,ShADadfF,6,521,5,1153,-,6,HueSwitch
CpaqBl4w7Pmj1shyjf,46721,80,tcp,http,0.018869,201,885,SF,T,T,0,ShADadfF,6,521,5,1153,-,6,HueSwitch
CN5pG1TBV0rI8Q5Tc,43918,80,tcp,http,0.018878,201,885,SF,T,T,0,ShADadfF,6,521,5,1153,-,6,HueSwitch
CUZNBD2BCDg3eld6H7,58350,80,tcp,http,0.017539,201,885,SF,T,T,0,ShADadfF,6,521,5,1153,-,6,HueSwitch
CfN3WV3V18e3ccKQb3,46059,80,tcp,http,0.018227,201,885,SF,T,T,0,ShADadfF,6,521,5,1153,-,6,HueSwitch
CX7PnoQ8nsoNcaUgg,46695,80,tcp,http,0.017739,201,885,SF,T,T,0,ShADadfF,6,521,5,1153,-,6,HueSwitch
CMT5f64gneQZk69dka,45583,80,tcp,http,0.026017,193,4563,SF,T,T,0,ShADadftF,10,733,10,6203,-,6,HueSwitch
CEytfC4NJfkr7f8Dyc,55336,80,tcp,http,0.011350,201,885,SF,T,T,0,ShADadfF,6,521,5,1153,-,6,HueSwitch
CzPoc9JsdLV5kENjj,51649,80,tcp,http,0.011314,201,885,SF,T,T,0,ShADadfF,6,521,5,1153,-,6,HueSwitch
CS08XU1KPa39U3G80k,56038,80,tcp,http,0.018682,201,885,SF,T,T,0,ShADadfF,6,521,5,1153,-,6,HueSwitch
Cn8FZA3P2UHdskqV1a,53167,123,udp,ntp,0.006407,48,48,SF,T,F,0,Dd,1,76,1,76,-,17,HueSwitch
C3Npsqs64WdoJQme9,56196,80,tcp,http,0.019518,201,885,SF,T,T,0,ShADadftF,7,585,6,2073,-,6,HueSwitch
CdmPnJ3fL8dttjflz9,38923,80,tcp,http,0.019236,201,885,SF,T,T,0,ShADadfF,6,521,5,1153,-,6,HueSwitch
CJpoJZeO7Emo6kQJj,56212,123,udp,ntp,0.016122,48,48,SF,T,F,0,Dd,1,76,1,76,-,17,HueSwitch
Crd0Z9FQdeb9LPS8i,60483,80,tcp,http,0.021682,201,885,SF,T,T,0,ShADadfF,6,521,5,1153,-,6,HueSwitch
CUvI7k13H6cLqYGd7k,33915,80,tcp,http,0.020097,201,885,SF,T,T,0,ShADadfF,6,521,5,1153,-,6,HueSwitch
CUY52Ok5OBe19EJYk,39333,123,udp,ntp,0.004860,48,48,SF,T,F,0,Dd,1,76,1,76,-,17,HueSwitch
CQs4JOoGjXwNB0VQ6,54729,80,tcp,http,0.017907,201,885,SF,T,T,0,ShADadfF,6,521,5,1153,-,6,HueSwitch
COkTi64j1AXYfEGfLe,47452,80,tcp,http,0.023150,201,885,SF,T,T,0,ShADadfF,6,521,5,1153,-,6,HueSwitch
CSaJNR3OqLTpFeRIda,60035,80,tcp,http,0.018425,201,885,SF,T,T,0,ShADadfF,6,521,5,1153,-,6,HueSwitch
COW32N1GWNb9ChfuGh,43412,80,tcp,http,0.019541,201,885,SF,T,T,0,ShADadfF,6,521,5,1153,-,6,HueSwitch
CC2uNr361KlJmckoDj,37872,123,udp,ntp,0.012733,48,48,SF,T,F,0,Dd,1,76,1,76,-,17,HueSwitch
CwK8DC1RPQvkLcM4V7,35280,80,tcp,http,0.017714,201,885,SF,T,T,0,ShADadfF,6,521,5,1153,-,6,HueSwitch
CFfcCzBHCHXakAXa2,52877,80,tcp,http,0.013699,201,885,SF,T,T,0,ShADadfF,6,521,5,1153,-,6,HueSwitch
CEgAT02WcNFJ7dDk4c,53240,80,tcp,http,0.018818,201,885,SF,T,T,0,ShADadfF,6,521,5,1153,-,6,HueSwitch
Ca9kgp1zZygwpJ2g0e,46240,80,tcp,http,0.017681,201,885,SF,T,T,0,ShADadftF,7,585,6,2073,-,6,HueSwitch
CK5Vmf1NW25BJovQCi,56423,80,tcp,http,0.018719,201,885,SF,T,T,0,ShADadftF,7,585,6,2073,-,6,HueSwitch
CqGd9n30Z6eokmQaP8,58125,80,tcp,http,0.029242,201,885,SF,T,T,0,ShADadfF,6,521,5,1153,-,6,HueSwitch
CYgdVa3Z1kGFJHqa3l,39098,80,tcp,http,0.018541,201,885,SF,T,T,0,ShADadfF,6,521,5,1153,-,6,HueSwitch
CvE2KovM8fHKOwWV9,32862,80,tcp,http,0.017608,201,885,SF,T,T,0,ShADadfF,6,521,5,1153,-,6,HueSwitch
CCErDt1IhnycB64mQ6,52146,80,tcp,http,0.018539,201,885,SF,T,T,0,ShADadfF,6,521,5,1153,-,6,HueSwitch
CJqqWrQqfJzXAgNTg,40486,80,tcp,http,0.024739,193,4563,SF,T,T,0,ShADadftF,11,785,11,5162,-,6,HueSwitch
CBQjBC4GR4sZDr2bib,58876,80,tcp,http,0.009361,201,885,SF,T,T,0,ShADadfF,6,521,5,1153,-,6,HueSwitch
CJq6oq3775RYiAFtt1,50653,80,tcp,http,0.018302,201,885,SF,T,T,0,ShADadfF,6,521,5,1153,-,6,HueSwitch
CPuAUv2SbBRruFqblk,45355,80,tcp,http,0.018010,201,885,SF,T,T,0,ShADadftF,7,585,6,2073,-,6,HueSwitch
CQGmGDtTQXHZgD3P5,50434,80,tcp,http,0.019788,201,885,SF,T,T,0,ShADadfF,6,521,5,1153,-,6,HueSwitch
CqYwn93CEeFSvp58M4,58367,80,tcp,http,0.020556,201,885,SF,T,T,0,ShADadfF,6,521,5,1153,-,6,HueSwitch
Cf0Rdg4KwxuvRJ4HOl,38099,80,tcp,http,0.020801,201,885,SF,T,T,0,ShADadfF,6,521,5,1153,-,6,HueSwitch
C7YSRK2KR2KY1XuTli,59934,80,tcp,http,0.022235,201,885,SF,T,T,0,ShADadfF,6,521,5,1153,-,6,HueSwitch
CJaWHE4EYwgIs8qf7e,53942,80,tcp,http,0.012874,201,885,SF,T,T,0,ShADadftF,7,585,6,2073,-,6,HueSwitch
C1Kq5n4au6ZJaidGde,59421,80,tcp,http,0.019261,201,885,SF,T,T,0,ShADadfF,6,521,5,1153,-,6,HueSwitch
Cm3P3Z1wysroDx1Fa3,45507,80,tcp,http,0.017762,201,885,SF,T,T,0,ShADadfF,6,521,5,1153,-,6,HueSwitch
CWD91W2Z1jwxUPC0fl,48434,80,tcp,http,0.017939,201,885,SF,T,T,0,ShADadfF,6,521,5,1153,-,6,HueSwitch
C0ycP14GwK9QXI4Jnl,37103,80,tcp,http,0.019059,201,885,SF,T,T,0,ShADadfF,6,521,5,1153,-,6,HueSwitch
CLRVGr4O0qWqRf2iAd,37796,80,tcp,http,0.023143,201,885,SF,T,T,0,ShADadfF,6,521,5,1153,-,6,HueSwitch
CZB9GR3hbXURkMv8Mi,49513,80,tcp,http,0.018714,201,885,SF,T,T,0,ShADadfF,6,521,5,1153,-,6,HueSwitch
Cw3RYg4Jt9yeFgvvQg,46137,80,tcp,http,0.017861,201,885,SF,T,T,0,ShADadfF,6,521,5,1153,-,6,HueSwitch
CE43m81Y7ksZT5MAac,42047,80,tcp,http,0.018001,201,885,SF,T,T,0,ShADadftF,7,585,6,2073,-,6,HueSwitch
CAfbCM1pIMgtCTKBz3,56763,80,tcp,http,0.018645,201,885,SF,T,T,0,ShADadfF,6,521,5,1153,-,6,HueSwitch
CiEnxE4hRTinPOGO84,40516,80,tcp,http,0.024855,193,4563,SF,T,T,0,ShADadftF,10,733,10,6327,-,6,HueSwitch
C7dMlj2ykMBc508QQg,52834,80,tcp,http,0.018052,201,885,SF,T,T,0,ShADadfF,6,521,5,1153,-,6,HueSwitch
CMaNBx36uOM0rHEXja,58741,80,tcp,http,0.018959,201,885,SF,T,T,0,ShADadfF,6,521,5,1153,-,6,HueSwitch
C7XXi14oH0Hi8dWpxb,33279,80,tcp,http,0.009400,201,885,SF,T,T,0,ShADadfF,6,521,5,1153,-,6,HueSwitch
Cvpif3RQc1sZln9U2,36018,80,tcp,http,0.011625,201,885,SF,T,T,0,ShADadfF,6,521,5,1153,-,6,HueSwitch
CUFbHb1wznjUTOq2Rf,41663,123,udp,ntp,0.012586,48,48,SF,T,F,0,Dd,1,76,1,76,-,17,HueSwitch
CYLWsjwkaRQX39kC1,52844,80,tcp,http,0.017486,201,885,SF,T,T,0,ShADadfF,6,521,5,1153,-,6,HueSwitch
Cuwu1o2kezsaYPoJkc,33773,123,udp,ntp,0.004761,48,48,SF,T,F,0,Dd,1,76,1,76,-,17,HueSwitch
CITX5r1Vq63H2Letod,39012,123,udp,ntp,0.015917,48,48,SF,T,F,0,Dd,1,76,1,76,-,17,HueSwitch
C1KvvI125gTEeDRw26,45215,80,tcp,http,0.019266,201,885,SF,T,T,0,ShADadftF,7,585,6,2073,-,6,HueSwitch
CQYiKu4wUVaHW2YTM7,39785,123,udp,ntp,0.006398,48,48,SF,T,F,0,Dd,1,76,1,76,-,17,HueSwitch
CATzoO33sxQ1ymlKYh,45554,80,tcp,http,0.010611,201,885,SF,T,T,0,ShADadfF,6,521,5,1153,-,6,HueSwitch
COAn8Y2RKkZV4BxoFd,1900,1900,udp,-,51.760838,3720,0,S0,T,T,0,D,12,4056,0,0,-,17,HueSwitch
COvhZZ1F5dcWbOOgc,55057,80,tcp,http,0.540832,234,206,SF,T,F,0,ShADadFf,6,554,4,422,-,6,D-LinkHomeHub
CSnNfM3e0V2QeyASPe,43695,80,tcp,http,0.303993,304,493,SF,T,F,0,ShADadFf,6,624,4,709,-,6,D-LinkHomeHub
C7IKOS2v2qdLaEss91,54756,80,tcp,http,1.332882,137,201,SF,T,F,0,ShADadFf,6,457,4,417,-,6,D-LinkHomeHub
Cf8RDCSt8DeTsbKOj,42862,53,udp,dns,-,-,-,S0,T,T,0,Dc,1,60,0,0,-,17,D-LinkHomeHub
Ci21Qf2UBVUjQFsfRg,50256,53,udp,dns,-,-,-,S0,T,T,0,Dc,1,66,0,0,-,17,D-LinkHomeHub
C1Xk2zZoYtImNg8A,45119,53,udp,dns,-,-,-,S0,T,T,0,Dc,1,60,0,0,-,17,D-LinkHomeHub
Cuus0FazgxDirdHId,44210,53,udp,dns,-,-,-,S0,T,T,0,Dc,1,99,0,0,-,17,D-LinkHomeHub
CG7ltt3ELL3eHqksk2,33920,53,udp,dns,-,-,-,S0,T,T,0,Dc,1,60,0,0,-,17,D-LinkHomeHub
CRxR9F4smOACwgDboj,52096,53,udp,dns,-,-,-,S0,T,T,0,Dc,1,63,0,0,-,17,D-LinkHomeHub
CdDBo01qR3cnSKSKSf,41855,443,tcp,ssl,0.516384,881,4369,RSTO,T,F,0,ShADadR,11,1461,9,4845,-,6,D-LinkHomeHub
CCJqIX3ZNUN10QMvH2,41856,443,tcp,ssl,0.223350,902,478,RSTO,T,F,0,ShADadR,7,1274,7,850,-,6,D-LinkHomeHub
CEZijv15S6klUx2Vej,41859,443,tcp,ssl,0.264698,1692,364,SF,T,F,0,ShADadFfR,9,2144,8,788,-,6,D-LinkHomeHub
CBK5vb3PWsn0ECbyS4,33364,53,udp,dns,-,-,-,S0,T,T,0,Dc,1,63,0,0,-,17,D-LinkHomeHub
CROJp61Caswqgj6rbh,5353,5353,udp,dns,14.793807,4356,0,S0,T,T,0,D,25,5056,0,0,-,17,D-LinkHomeHub
CIhPJE1kCkMC1EJXA3,41860,443,tcp,ssl,0.225432,900,478,RSTO,T,F,0,ShADadR,7,1272,7,850,-,6,D-LinkHomeHub
CA50yC2eJcfoi3w5Xd,41862,443,tcp,ssl,0.232561,1467,364,SF,T,F,0,ShADadFfR,9,1919,8,788,-,6,D-LinkHomeHub
CBxV2q46bacNoqc01,5353,5353,udp,dns,-,-,-,S0,T,T,0,D,1,577,0,0,-,17,D-LinkHomeHub
CcWAW54aDkoCBj0NK1,135,136,icmp,-,-,-,-,OTH,T,F,0,-,1,64,0,0,-,58,D-LinkHomeHub
CLdT9JxC5ojYdHIQ8,68,67,udp,dhcp,0.001476,626,0,S0,T,T,0,D,2,682,0,0,-,17,D-LinkHomeHub
CKoSdX1K3A5wu640Bd,68,67,udp,-,-,-,-,OTH,T,T,0,^c,0,0,0,0,-,17,D-LinkHomeHub
CmhgyP17aqTORPzSr4,37439,123,udp,ntp,0.099439,48,48,SF,T,F,0,Dd,1,76,1,76,-,17,D-LinkHomeHub
C2TE4s4lUr9n0XZnS8,133,134,icmp,-,-,-,-,OTH,T,F,0,-,1,56,0,0,-,58,D-LinkHomeHub
CD7eal1c2fb6BEuCb,143,0,icmp,-,-,-,-,OTH,T,F,0,-,1,76,0,0,-,58,D-LinkHomeHub
CfWfOmtpVsQvo29T1,60044,80,tcp,http,1.385566,137,201,SF,T,F,0,ShADadFf,6,457,4,417,-,6,D-LinkHomeHub
CE8TiZl6RDNb8c2Fc,59871,53,udp,dns,-,-,-,S0,T,T,0,Dc,1,60,0,0,-,17,D-LinkHomeHub
CTPyC4ehGM7sgDS68,52405,53,udp,dns,-,-,-,S0,T,T,0,Dc,1,60,0,0,-,17,D-LinkHomeHub
C9VUE41oMCGJFWJKud,45494,53,udp,dns,-,-,-,S0,T,T,0,Dc,1,99,0,0,-,17,D-LinkHomeHub
Ct0Oh54rbQ79leGfa4,46367,53,udp,dns,-,-,-,S0,T,T,0,Dc,1,60,0,0,-,17,D-LinkHomeHub
C8I6PyUZr9X8mSny9,33013,80,tcp,-,0.003311,0,0,RSTR,T,T,0,Fr,1,52,1,40,-,6,D-LinkHomeHub
CA8xdt34H5vf06JH71,5353,5353,udp,dns,6.506050,4147,0,S0,T,T,0,D,21,4735,0,0,-,17,D-LinkHomeHub
CEAqnv1HYDqYAcHYG5,143,0,icmp,-,27.720553,60,0,OTH,T,F,0,-,3,228,0,0,-,58,D-LinkHomeHub
CC5XFiKUs8Zm07UPa,35507,1900,udp,-,24.468443,6706,0,S0,T,T,0,D,24,7378,0,0,-,17,D-LinkHomeHub
CMptmt3h913AzgCGO3,44009,443,tcp,ssl,0.801074,863,4653,RSTO,T,F,0,ShADadR,12,1495,9,5129,-,6,D-LinkHomeHub
CHRPsO3NCvYDtICuYh,44011,443,tcp,ssl,1.017684,1593,4685,SF,T,F,0,ShADadFfR,14,2305,11,5265,-,6,D-LinkHomeHub
CzQwQWFf8951H0NMh,46687,80,tcp,http,0.509855,199,206,SF,T,F,0,ShADadFf,6,519,4,422,-,6,D-LinkHomeHub
CIvQF8255C67h0f0S5,44012,443,tcp,ssl,2.177443,735,4493,RSTO,T,F,0,ShADadR,12,1367,9,4969,-,6,D-LinkHomeHub
CsaOKr2COHLhHoPeOl,38628,53,udp,dns,-,-,-,S0,T,T,0,Dc,1,63,0,0,-,17,D-LinkHomeHub
CtypYfpc7MYjfMJ6e,39306,80,tcp,http,0.202767,308,493,SF,T,F,0,ShADadFf,6,628,4,709,-,6,D-LinkHomeHub
Cd0ZkDIz8Qz0ogzrj,36500,53,udp,dns,-,-,-,S0,T,T,0,Dc,1,60,0,0,-,17,D-LinkHomeHub
CisvQ115XqG6o9tSLa,33772,53,udp,dns,-,-,-,S0,T,T,0,Dc,1,66,0,0,-,17,D-LinkHomeHub
C1PBYWRWwtNXM7tuj,38687,53,udp,dns,-,-,-,S0,T,T,0,Dc,1,65,0,0,-,17,D-LinkHomeHub
CfJca93eBz8gml5PJc,59919,80,tcp,http,1.925867,204,196429,SF,T,F,0,ShADadFf,87,3704,147,202321,-,6,D-LinkHomeHub
Cmoz069qpW6hJ047j,59439,443,tcp,ssl,5.552245,1609,5122,SF,T,F,0,ShADadFfR,20,2429,17,5814,-,6,D-LinkHomeHub
CzVm164WPGlsQgYfN7,59441,443,tcp,ssl,2.936254,543,4024,SF,T,F,0,ShADadtFfR,16,1215,15,4689,-,6,D-LinkHomeHub
C229yt1reJwZPgiU4,59642,53,udp,dns,-,-,-,S0,T,T,0,Dc,1,63,0,0,-,17,D-LinkHomeHub
CYpMUy4AQ04CSvbev9,37705,443,tcp,ssl,0.612281,885,4345,RSTO,T,F,0,ShADadR,10,1413,9,4821,-,6,D-LinkHomeHub
C1MUcbvnFD9tQE2W9,40549,53,udp,dns,-,-,-,S0,T,T,0,Dc,1,72,0,0,-,17,D-LinkHomeHub
CGfZ7q4lJBoLaCcVic,37706,443,tcp,ssl,0.944348,898,564,RSTO,T,F,0,ShADadR,7,1270,7,936,-,6,D-LinkHomeHub
C0LoZH3bVnoUpZvS7k,5353,5353,udp,dns,12.113266,7981,0,S0,T,T,0,D,37,9017,0,0,-,17,D-LinkHomeHub
C1qCIQ2b7LtEXPiSd9,49502,53,udp,dns,-,-,-,S0,T,T,0,Dc,1,63,0,0,-,17,D-LinkHomeHub
CefKGj7r1zVlrhRJf,32901,53,udp,dns,-,-,-,S0,T,T,0,Dc,1,65,0,0,-,17,D-LinkHomeHub
C96xtJ1vTNcbPlistf,143,0,icmp,-,-,-,-,OTH,T,F,0,-,1,76,0,0,-,58,D-LinkHomeHub
Co0KD24QmkX0iFgtbd,135,136,icmp,-,-,-,-,OTH,T,F,0,-,1,64,0,0,-,58,D-LinkHomeHub
CEDuka3nOLvBcnkNG9,68,67,udp,dhcp,0.001474,630,0,S0,T,T,0,D,2,686,0,0,-,17,D-LinkHomeHub
C4VYJZxKu3O5melv3,68,67,udp,-,-,-,-,OTH,T,T,0,^c,0,0,0,0,-,17,D-LinkHomeHub
C1UiEf420tYVIE2lz2,36931,123,udp,ntp,0.165314,48,48,SF,T,F,0,Dd,1,76,1,76,-,17,D-LinkHomeHub
C68qLCQBvBT9rhbR7,133,134,icmp,-,-,-,-,OTH,T,F,0,-,1,56,0,0,-,58,D-LinkHomeHub
Czm7a61h6Vxlb90OJ8,143,0,icmp,-,2.636029,40,0,OTH,T,F,0,-,2,152,0,0,-,58,D-LinkHomeHub
CBcxW6U7kJPnk9ueg,48970,1900,udp,-,0.056974,4604,0,S0,T,T,0,D,16,5052,0,0,-,17,D-LinkHomeHub
CechVt1cd7UUdrt3i3,143,0,icmp,-,-,-,-,OTH,T,F,0,-,1,76,0,0,-,58,D-LinkHomeHub
C3SQSY3kH6RUBGRrFg,133,134,icmp,-,69.369867,48,0,OTH,T,F,0,-,6,336,0,0,-,58,D-LinkHomeHub
C8Eewb2BkBHH5oKiWh,50669,443,tcp,ssl,30.111030,587,3981,S1,T,F,0,ShADad,19,1367,18,4713,-,6,D-LinkHomeHub
CN5tbb4C8viaMGW7pi,38382,123,udp,ntp,0.104673,48,48,SF,T,F,0,Dd,1,76,1,76,-,17,D-LinkHomeHub
CaJ2ql2mPGkgN8nir5,0,0,unknown_transport,-,69.833828,0,0,OTH,T,T,0,-,9,408,0,0,-,2,D-LinkHomeHub
C110D81Fnlbscd2B0d,57963,80,tcp,http,26.018368,5472,7264,S3,T,T,0,ShADadtf,17,6364,18,8208,-,6,D-LinkHomeHub
Cu8kHX2HruKNukQjol,3961,8443,tcp,ssl,1.364283,40316,6760,SF,T,F,0,ShADadFfR,47,42208,35,8172,-,6,WeMoInsightSwitch2
CxZ7Jx20qSQgPnSeTd,4168,3475,tcp,-,0.307394,349,13,SF,T,F,0,ShADadFf,6,601,4,185,-,6,WeMoInsightSwitch2
CvVDZB3UKqiguEP5B2,3076,53,udp,dns,6.932649,120,0,S0,T,T,0,Dc,4,232,0,0,-,17,WeMoInsightSwitch2
CZpuev3qJNbJ6jm4hl,3689,8443,tcp,ssl,1.091521,18914,6472,SF,T,F,0,ShADadFfR,30,20126,24,7444,-,6,WeMoInsightSwitch2
CCraqB2Uxcn6aiDfr,3076,53,udp,dns,0.953951,64,0,S0,T,T,0,Dc,2,120,0,0,-,17,WeMoInsightSwitch2
CCogrI1o8Zqv3mMsa6,3704,8443,tcp,ssl,1.064899,21356,5800,SF,T,F,0,ShADadFfR,30,22568,25,6812,-,6,WeMoInsightSwitch2
CWHy4w2mfGgHjrBZWa,3131,443,tcp,ssl,2.173162,84074,6019,SF,T,F,0,ShADadFfR,80,87286,61,8471,-,6,WeMoInsightSwitch2
CxlG7y1ZcoeZc61eCe,3123,8443,tcp,ssl,2.391400,107007,6365,S1,T,F,0,ShADad,95,110819,60,8777,-,6,WeMoInsightSwitch2
CMFNwH2FBe4oVqOig,4534,3478,tcp,-,0.378902,204,244,S1,T,F,0,ShADad,6,456,4,416,-,6,WeMoInsightSwitch2
C49gty1CBFmxJEjhzi,8,0,icmp,-,1.015893,112,112,OTH,T,F,0,-,2,168,2,168,-,1,WeMoInsightSwitch2
CECqJt1rzKQz3I3ddk,0,0,unknown_transport,-,8.141854,0,0,OTH,T,T,0,-,2,80,0,0,-,2,WeMoInsightSwitch2
CixLyRUaHma7Smm8f,3074,123,udp,ntp,0.014246,48,48,SF,T,F,0,Dd,1,76,1,76,-,17,WeMoInsightSwitch2
CAfytL3pwb0hCf2VM9,8,0,icmp,-,-,-,-,OTH,T,T,0,-,1,48,0,0,-,1,WeMoInsightSwitch2
C5rm4Z12u8fl19Jdmi,3075,1900,udp,-,0.240516,11656,0,S0,T,T,0,D,30,12496,0,0,-,17,WeMoInsightSwitch2
CHBftU1YeEJpiWzQYe,123,123,udp,ntp,0.014145,48,48,SF,T,F,0,Dd,1,76,1,76,-,17,WeMoInsightSwitch2
Cuf0Na1OrbaVtQsb1b,3074,123,udp,ntp,-,-,-,S0,T,F,0,D,1,76,0,0,-,17,WeMoInsightSwitch2
CXPBtL3iYYdIisXDfe,68,67,udp,-,-,-,-,OTH,T,T,0,^c,0,0,0,0,-,17,WeMoInsightSwitch2
CpZjci2l2cVQZ1c78d,68,67,udp,dhcp,2.779890,600,0,S0,T,T,0,D,2,656,0,0,-,17,WeMoInsightSwitch2
Cxs3lblcakZvqja34,68,67,udp,-,-,-,-,OTH,T,T,0,^c,0,0,0,0,-,17,EdnetCam1
CKYZUG2W7ByGEJFvR5,133,134,icmp,-,3.995317,16,0,OTH,T,F,0,-,2,112,0,0,-,58,EdnetCam1
C2YJMbnkesVmEzfmg,3072,69,udp,-,6.912480,270,0,S0,T,T,0,D,10,550,0,0,-,17,EdnetCam1
Cu6tr32ZuXP4x3vdd5,68,67,udp,dhcp,0.030321,1096,0,S0,T,T,0,D,2,1152,0,0,-,17,EdnetCam1
CAs25z1mfjjwkhCze5,143,0,icmp,-,-,-,-,OTH,T,F,0,-,1,76,0,0,-,58,EdnetCam1
CkOQyK14yJuwotHL2k,5353,5353,udp,dns,-,-,-,S0,T,T,0,D,1,139,0,0,-,17,D-LinkDayCam
CrK46t1pCkv1rbRuFh,5353,5353,udp,dns,23.743859,2194,0,S0,T,T,0,D,14,2586,0,0,-,17,D-LinkDayCam
CfzHen4rqVXX4dlVJ5,62976,62976,udp,-,8.999102,220,0,S0,T,T,0,D,10,500,0,0,-,17,D-LinkDayCam
CCDCLm1e8BnCiZ0Ihe,2267,1900,udp,-,0.000244,411,0,S0,T,T,0,D,3,495,0,0,-,17,D-LinkDayCam
CnXIBJ2clizvJuvMF5,62976,12345,udp,-,-,-,-,S0,T,T,0,D,1,156,0,0,-,17,D-LinkDayCam
CkVdV148ojW79wr5Rd,68,67,udp,dhcp,0.023967,1096,0,S0,T,T,0,D,2,1152,0,0,-,17,D-LinkDayCam
CotnH62zf5IW1c2pM2,3086,1900,udp,-,1.014908,3339,0,S0,T,T,0,D,12,3675,0,0,-,17,D-LinkDayCam
CFXWxM2x42RPgu0wjb,0,0,unknown_transport,-,-,-,-,OTH,T,T,0,-,1,40,0,0,-,2,D-LinkDayCam
CRdUTPtBrjb7GZIG5,0,0,unknown_transport,-,8.707982,0,0,OTH,T,T,0,-,7,296,0,0,-,2,D-LinkDayCam
CVBrL23B7SuxfiheCi,4606,8059,tcp,-,2.996380,0,0,S0,T,T,0,S,2,104,0,0,-,6,WeMoSwitch
CSmUWE4i86Uaey87m2,4607,8059,tcp,-,2.999644,0,0,S0,T,T,0,S,2,104,0,0,-,6,WeMoSwitch
C5oFNd4pw5uU8Rvb6l,4608,8059,tcp,-,2.995400,0,0,S0,T,T,0,S,2,104,0,0,-,6,WeMoSwitch
CVCGF9Jxb4QTBN5Vb,4609,8059,tcp,-,2.998327,0,0,S0,T,T,0,S,2,104,0,0,-,6,WeMoSwitch
CiG5nl2uaToboaYVNc,4610,8059,tcp,-,2.999048,0,0,S0,T,T,0,S,2,104,0,0,-,6,WeMoSwitch
C7r8FBV9vbEYywgv1,3734,8443,tcp,ssl,2.672939,37340,6744,SF,T,F,0,ShADadFfR,46,39192,37,8236,-,6,WeMoSwitch
C88bl82geYiaz0abv5,20049,53,udp,dns,-,-,-,S0,T,T,0,Dc,1,58,0,0,-,17,WeMoSwitch
CSTpK52h6eVYdvCK48,4611,8059,tcp,-,2.996742,0,0,S0,T,T,0,S,2,104,0,0,-,6,WeMoSwitch
CRNfkl2sATVfMVdkLg,4612,8059,tcp,-,2.998090,0,0,S0,T,T,0,S,2,104,0,0,-,6,WeMoSwitch
CesVuF2rpTyhHuRsm9,4613,8059,tcp,-,2.998455,0,0,S0,T,T,0,S,2,104,0,0,-,6,WeMoSwitch
Cgw0Cr4QjzvWuEt8tf,4614,8059,tcp,-,2.998886,0,0,S0,T,T,0,S,2,104,0,0,-,6,WeMoSwitch
CmTvY9ltqOPFyG9Uj,4615,8059,tcp,-,2.998929,0,0,S0,T,T,0,S,2,104,0,0,-,6,WeMoSwitch
CpIg7u275qTmnF0Re,4616,8059,tcp,-,2.999851,0,0,S0,T,T,0,S,2,104,0,0,-,6,WeMoSwitch
CC7IHe1dIIPmH8Hff2,4618,8059,tcp,-,2.997306,0,0,S0,T,T,0,S,2,104,0,0,-,6,WeMoSwitch
CsFoyN1L2Fcwklwfsg,4574,3475,tcp,-,0.362505,349,13,SF,T,F,0,ShADadFf,6,601,4,185,-,6,WeMoSwitch
CQy8VN2DiA5026xfDl,4620,8059,tcp,-,2.999856,0,0,S0,T,T,0,S,2,104,0,0,-,6,WeMoSwitch
CBr0M321O1p0FfFJr9,4621,8059,tcp,-,2.996050,0,0,S0,T,T,0,S,2,104,0,0,-,6,WeMoSwitch
CxI7bZ2LdkfHmy4Bkf,4622,8059,tcp,-,2.996454,0,0,S0,T,T,0,S,2,104,0,0,-,6,WeMoSwitch
CH6VvQ38dm58QgW1D3,4623,8059,tcp,-,2.997272,0,0,S0,T,T,0,S,2,104,0,0,-,6,WeMoSwitch
CEA4MpcYXnJdOuWVh,4624,8059,tcp,-,2.997290,0,0,S0,T,T,0,S,2,104,0,0,-,6,WeMoSwitch
Coh57D1cf5DU0YYO4c,4625,8059,tcp,-,2.997447,0,0,S0,T,T,0,S,2,104,0,0,-,6,WeMoSwitch
CWQJusHxvpYiRD5ue,28090,53,udp,dns,-,-,-,S0,T,T,0,Dc,1,58,0,0,-,17,WeMoSwitch
COPNsq2wq6M0tPW072,4628,8059,tcp,-,2.998154,0,0,S0,T,T,0,S,2,104,0,0,-,6,WeMoSwitch
Cu1z593xkKJ9eUvpO,3541,8443,tcp,ssl,1.146035,18914,6472,SF,T,F,0,ShADadFfR,29,20086,24,7444,-,6,WeMoSwitch
CIy0XY2sRj6DaFPKU1,4629,8059,tcp,-,2.992018,0,0,S0,T,T,0,S,2,104,0,0,-,6,WeMoSwitch
COfAcB4ZFd5msvT9Sc,4630,8059,tcp,-,2.997687,0,0,S0,T,T,0,S,2,104,0,0,-,6,WeMoSwitch
CCWzCKQrDmqpaGkOb,4633,8059,tcp,-,2.997546,0,0,S0,T,T,0,S,2,104,0,0,-,6,WeMoSwitch
CyWz5s1g0PSEk3Pwp4,4637,8059,tcp,-,3.000095,0,0,S0,T,T,0,S,2,104,0,0,-,6,WeMoSwitch
CbX4Bn4JWUoUtrAVh,4638,8059,tcp,-,2.996564,0,0,S0,T,T,0,S,2,104,0,0,-,6,WeMoSwitch
Cs1WGF3GT5PSnRzoJi,4639,8059,tcp,-,2.999455,0,0,S0,T,T,0,S,2,104,0,0,-,6,WeMoSwitch
COyX644vZ0iky2mcqk,4640,8059,tcp,-,3.000114,0,0,S0,T,T,0,S,2,104,0,0,-,6,WeMoSwitch
CgPpny4nBKJnoLtOx9,4643,8059,tcp,-,2.999836,0,0,S0,T,T,0,S,2,104,0,0,-,6,WeMoSwitch
CoJQwXZ5M5bumXjx9,4647,8059,tcp,-,2.997909,0,0,S0,T,T,0,S,2,104,0,0,-,6,WeMoSwitch
C98pVW2oMN7tXc20I,4648,8059,tcp,-,2.998934,0,0,S0,T,T,0,S,2,104,0,0,-,6,WeMoSwitch
CDcnioZoCTJpCZkB6,4649,8059,tcp,-,2.997502,0,0,S0,T,T,0,S,2,104,0,0,-,6,WeMoSwitch
CJmTGIp9o8woNqtU8,4650,8059,tcp,-,2.997149,0,0,S0,T,T,0,S,2,104,0,0,-,6,WeMoSwitch
C9EtaF4fTuJI7DJTK6,4651,8059,tcp,-,2.998008,0,0,S0,T,T,0,S,2,104,0,0,-,6,WeMoSwitch
CvziUHA4qhWfHqtj,4652,8059,tcp,-,2.997694,0,0,S0,T,T,0,S,2,104,0,0,-,6,WeMoSwitch
CIltY144722vUaRcC4,68,67,udp,dhcp,0.027972,600,0,S0,T,T,0,D,2,656,0,0,-,17,WeMoSwitch
C2uESs2QLbMT2KB6Z9,68,67,udp,-,-,-,-,OTH,T,T,0,^c,0,0,0,0,-,17,WeMoSwitch
CwrbKG2ftFxJk8q9v4,8,0,icmp,-,0.999021,112,112,OTH,T,F,0,-,2,168,2,168,-,1,WeMoSwitch
CiORvo1JYY4K1yvih3,3074,1900,udp,-,0.034283,6544,0,S0,T,T,0,D,16,6992,0,0,-,17,WeMoSwitch
C4aFFc2a3S9RA7mhY5,8,0,icmp,-,2.008938,168,168,OTH,T,T,0,-,3,252,3,252,-,1,WeMoSwitch
C3sgvL3RyoKuzTRXw6,3756,8443,tcp,ssl,1.301761,44439,5363,S1,T,F,0,ShADad,45,46251,33,6695,-,6,WeMoSwitch
CxBy6i4Zrnx1WXZCte,3,1,icmp,-,26.972031,468,0,OTH,T,T,0,-,9,720,0,0,-,1,WeMoSwitch
CSUira46MjEEkE1upl,3778,3478,tcp,-,1.489947,204,244,S1,T,F,0,ShADad,6,456,5,456,-,6,WeMoSwitch
CqIn771OEA41uNwiUc,5,1,icmp,-,-,-,-,OTH,T,T,0,-,1,80,0,0,-,1,WeMoSwitch
CBaqn91vXl4bs3iZmd,0,0,unknown_transport,-,3.314193,0,0,OTH,T,T,0,-,2,80,0,0,-,2,WeMoSwitch
CP7M9A4VLfuV1YbWQf,12391,7531,tcp,-,1.077619,25,25,SF,T,F,0,ShADadFf,6,269,4,189,-,6,EdnetGateway
Cjz9ptL5tHMSdmw9,49152,53,udp,dns,0.023072,100,0,S0,T,T,0,Dc,3,184,0,0,-,17,EdnetGateway
CjuW9945sZs1PvEIEd,7533,14309,tcp,-,4.071945,0,0,RSTR,F,T,0,Fr,3,120,3,120,-,6,EdnetGateway
Cm0SmR60tEaYRzQta,3,1,icmp,-,25.888005,152,0,OTH,T,T,0,-,2,208,0,0,-,1,EdnetGateway
CF3nEH2Dt1mRDm4Dvk,5,1,icmp,-,25.753029,152,0,OTH,T,T,0,-,2,208,0,0,-,1,EdnetGateway
CT8mE01AgaxF9M4fv7,48899,49999,udp,-,1.387767,200,0,S0,T,T,0,D,8,424,0,0,-,17,EdnetGateway
CuOLlp31dMImQoAfk4,49153,123,udp,ntp,0.002078,48,48,SF,T,F,0,Dd,1,76,1,76,-,17,EdnetGateway
CQnUNJ1UEH8XzO9k5d,68,67,udp,dhcp,0.009092,616,0,S0,T,T,0,D,2,672,0,0,-,17,EdnetGateway
CLzUBJ3k9mZm5FDiBe,68,67,udp,-,-,-,-,OTH,T,T,0,^c,0,0,0,0,-,17,EdnetGateway
CDe2yO34Qhf6q8UDC,11317,7533,tcp,-,26.486884,116,116,S1,T,F,0,ShADad,7,400,8,440,-,6,EdnetGateway
CN4vUe1xUe915zw21,123,123,udp,ntp,51.642361,144,0,S0,T,T,0,D,3,228,0,0,-,17,EdnetGateway
CExBgY1xNf51vbE2Li,49153,80,tcp,http,0.141382,185,377,SF,T,F,0,ShADdFf,5,389,3,501,-,6,Withings
CcB8p14v61JMskPeei,49153,53,udp,dns,-,-,-,S0,T,T,0,Dc,1,66,0,0,-,17,Withings
C5WqDIfqVM0oq60li,49154,80,tcp,http,2.631776,5686,2234,SF,T,F,0,ShADdaFf,23,6610,20,3038,-,6,Withings
CeO4K5tzQWIOrPEod,68,67,udp,-,-,-,-,OTH,T,T,0,^c,0,0,0,0,-,17,Withings
ChrsX8ikOuXZ8CwI6,68,67,udp,dhcp,0.018959,600,0,S0,T,T,0,D,2,656,0,0,-,17,Withings
CMscxj3kGHOhsusH0e,56830,443,tcp,ssl,0.605475,1686,767,SF,T,F,0,ShADadFfR,9,2138,8,1191,-,6,D-LinkDoorSensor
Cn5DPi4r7bJnsyn2V3,39495,53,udp,dns,-,-,-,S0,T,T,0,Dc,1,63,0,0,-,17,D-LinkDoorSensor
C68BQC1zsaOP1eSrL2,56840,443,tcp,ssl,0.256580,1511,751,SF,T,F,0,ShADadFfR,9,1963,8,1175,-,6,D-LinkDoorSensor
C6jN7w3gyZ48epi6u2,56846,443,tcp,ssl,0.503778,3121,767,SF,T,F,0,ShADadFfR,10,3625,8,1191,-,6,D-LinkDoorSensor
CsJhAO5obbhQzblHg,52215,443,tcp,-,94.417140,11831,15493,OTH,T,F,0,^aAdD,41,13471,41,17132,-,6,D-LinkDoorSensor
CIhXVB4TwuVjzZTHIg,52216,443,tcp,-,95.153087,0,1,OTH,T,F,0,^aA,21,840,22,880,-,6,D-LinkDoorSensor
Cel02U3MSaRybHKKP1,5353,5353,udp,dns,15.799763,1418,0,S0,T,T,0,D,8,1642,0,0,-,17,EdimaxCam2
C4kMbQ6SAVgyFVB1,5353,5353,udp,dns,-,-,-,S0,T,T,0,D,1,248,0,0,-,17,EdimaxCam2
CI6hqv4cDA8hhAtJCb,68,67,udp,dhcp,0.014202,1096,0,S0,T,T,0,D,2,1152,0,0,-,17,EdimaxCam2
CLOc9N2QUwBv7Yh5sb,1900,1900,udp,-,3.051241,3338,0,S0,T,T,0,D,15,3758,0,0,-,17,EdimaxCam2
CehtQx2njyqiyo2K9j,5353,5353,udp,dns,-,-,-,S0,T,T,0,D,1,248,0,0,-,17,EdimaxCam2
C2CWUo1CvifQLKUMa2,47571,1900,udp,-,6.042542,503,0,S0,T,T,0,D,4,615,0,0,-,17,EdimaxCam2
CcyY4c4E7E61pqhSo1,53739,53739,udp,-,0.217141,174,0,S0,T,T,0,D,3,258,0,0,-,17,EdimaxCam2
CfxO1t3o2G2nN0P0Af,0,0,unknown_transport,-,9.849995,0,0,OTH,T,T,0,-,3,120,0,0,-,2,EdimaxCam2
CDNAJl1icBaJQcoUif,5353,5353,udp,dns,0.199842,1462,0,S0,T,T,0,D,6,1630,0,0,-,17,D-LinkCam
CSlump1yNrjlTyukrk,53159,53,udp,dns,-,-,-,S0,T,T,0,D,1,60,0,0,-,17,D-LinkCam
CyLs9320ORDIduIMKg,48910,80,tcp,http,0.079506,693,666,SF,T,T,0,ShADadfF,5,961,5,934,-,6,D-LinkCam
CdiWf93FVFqVdeOUg3,53619,80,tcp,http,0.221111,803,558,SF,T,T,0,ShADadfF,5,1071,5,826,-,6,D-LinkCam
CbF4DicvvWNoK8F1f,5353,5353,udp,dns,1.522772,5400,0,S0,T,T,0,D,34,6352,0,0,-,17,D-LinkCam
CidGOI1kNZUBRvyw1i,42458,53,udp,dns,0.000094,32,64,SF,T,T,0,Dd,1,60,1,92,-,17,D-LinkCam
CNQ0Dn9Yum84zL2pc,41472,443,tcp,ssl,1.599541,713,3925,SF,T,F,0,ShADadFf,14,1449,9,4401,-,6,D-LinkCam
CcHVq212WK65jNfswe,36702,53,udp,dns,0.526232,36,502,SF,T,T,0,Dd,1,64,1,530,-,17,D-LinkCam
CMCGGyGnbleN284y2,54813,53,udp,dns,0.026033,47,343,SF,T,T,0,Dd,1,75,1,371,-,17,D-LinkCam
CR76zjXyx4t4QtXVe,41412,443,tcp,ssl,7.417637,1475,4351,SF,T,F,0,ShADadFf,16,2315,10,4879,-,6,D-LinkCam
C7inaMvdcWowSFCc6,5353,5353,udp,dns,3.003575,934,0,S0,T,T,0,D,8,1158,0,0,-,17,D-LinkCam
CfpwDt04usob6J7Dd,37894,80,tcp,http,0.115778,691,2633,SF,T,T,0,ShADadfF,7,1063,6,2953,-,6,D-LinkCam
CLBXPp3VuEcat9TVK1,0,0,unknown_transport,-,0.000022,0,0,OTH,T,T,0,-,2,80,0,0,-,2,D-LinkCam
CBzKx22P3v1jwteefg,68,67,udp,dhcp,0.014891,1204,0,S0,T,T,0,D,4,1316,0,0,-,17,D-LinkCam
CWrRwC23jbdNKsp3Kc,3,1,icmp,-,-,-,-,OTH,F,T,0,-,1,56,0,0,-,1,D-LinkCam
CpYeDAIRN72E6wvq1,52993,80,tcp,http,0.125080,693,666,SF,T,T,0,ShADadfF,6,1013,5,934,-,6,D-LinkCam
Cwvrc14XvNy6o7wR9h,45077,80,tcp,http,0.472503,803,558,SF,T,T,0,ShADadfF,5,1071,5,826,-,6,D-LinkCam
C8glJX1MViumUpJUrc,46188,80,tcp,http,0.083163,691,2633,SF,T,T,0,ShADadfF,6,1011,6,2953,-,6,D-LinkCam
CEjY5S2SlTZmIsoZC3,44542,123,udp,ntp,0.096894,48,48,SF,T,F,0,Dd,1,76,1,76,-,17,D-LinkCam
CaIFoMkQTIzWVi2ve,38652,80,tcp,http,3.833181,1018,601,SF,T,T,0,ShADadfF,5,1286,5,869,-,6,D-LinkCam
CT41bQ1JV7jbQ8ptFh,38436,80,tcp,http,0.048790,693,1093,SF,T,T,0,ShADadfF,5,961,5,1361,-,6,D-LinkCam
CpkaY542kPkMHdQ2Zb,55197,80,tcp,http,0.293180,858,605,SF,T,T,0,ShADadfF,5,1126,5,873,-,6,D-LinkCam
CxV0Vt4cFQ8j5huVR4,1900,1900,udp,-,4.123540,19456,0,S0,T,T,0,D,84,21808,0,0,-,17,D-LinkCam
CNJgGnYMkjhvly0Gj,35068,80,tcp,http,4.452625,691,767,SF,T,T,0,ShADadfF,5,959,5,1035,-,6,D-LinkCam
CHsoNm3CtUNks86Reg,33150,53,udp,dns,0.000125,47,143,SF,T,T,0,Dd,1,75,1,171,-,17,D-LinkCam
CRXPkE4QykcMxCawg2,35611,80,tcp,http,0.039472,863,585,SF,T,T,0,ShADadfF,6,1183,5,853,-,6,D-LinkCam
Cpwkmw2iQ2GYbmVteb,5353,5353,udp,dns,48.145806,32188,0,S0,T,T,0,D,196,37676,0,0,-,17,D-LinkCam
Cg6KmS3KLbiY4oCk9,59605,1900,udp,-,5.009689,538,0,S0,T,T,0,D,4,650,0,0,-,17,D-LinkCam
CtbuKYcGttFsfrl1f,58141,1900,udp,-,15.030349,1006,0,S0,T,T,0,D,8,1230,0,0,-,17,D-LinkCam
CKT6Kl2NvBxC73Xr13,40818,1900,udp,-,15.026714,1006,0,S0,T,T,0,D,8,1230,0,0,-,17,D-LinkCam
CwsiQQ2RJ0RtmmD1ub,54998,443,tcp,ssl,1.268960,1475,4351,S1,T,F,0,ShADad,14,2211,9,4827,-,6,D-LinkCam
CMDQrD4tfoF3uHmSw3,62976,62976,udp,-,89.991650,2536,0,S0,T,T,0,D,8,2760,0,0,-,17,D-LinkCam
C0N6iUYqRLshHrze1,0,0,unknown_transport,-,71.028464,0,0,OTH,T,T,0,-,34,1472,0,0,-,2,D-LinkCam
CJXFfn2emo2ZcgcBOb,52650,80,tcp,http,1.855298,1020,601,S2,T,T,0,ShADadF,5,1288,4,817,-,6,D-LinkCam
CNF6No3lwn5xZktkCk,49750,443,tcp,-,3.009864,0,0,S0,T,F,0,S,3,180,0,0,-,6,WeMoLink
Cl9pme11CLCh7or8aj,39509,5228,tcp,-,3.011791,0,0,S0,T,F,0,S,3,180,0,0,-,6,WeMoLink
CdIY431TASEuO6hC3e,51008,443,tcp,-,3.013786,0,0,S0,T,F,0,S,3,180,0,0,-,6,WeMoLink
Cpe4BOx6H0V6GK4Lc,4123,3475,tcp,-,0.356419,349,13,SF,T,F,0,ShADadFf,6,601,4,185,-,6,WeMoLink
CmVwXD3J3uf9pN0kil,2649,53,udp,dns,-,-,-,S0,T,T,0,Dc,1,76,0,0,-,17,WeMoLink
C0E1se2maFMRpScEii,49750,443,tcp,-,-,-,-,S0,T,F,0,S,1,60,0,0,-,6,WeMoLink
CAQmIB2Lbfu5SNNL6a,3073,53,udp,dns,-,-,-,S0,T,T,0,Dc,1,58,0,0,-,17,WeMoLink
CQ1BqGkEkMCI2PQga,36245,53,udp,dns,-,-,-,S0,T,T,0,Dc,1,63,0,0,-,17,WeMoLink
C37Opd1VFIkaV2S93e,4442,8443,tcp,ssl,1.982153,24087,7144,SF,T,F,0,ShADadFfR,34,25459,30,8356,-,6,WeMoLink
CxBy3m2SmdJbSTikV4,29761,53,udp,dns,-,-,-,S0,T,T,0,Dc,1,70,0,0,-,17,WeMoLink
Cg1nOtWTCIWfonPji,39509,5228,tcp,-,-,-,-,S0,T,F,0,S,1,60,0,0,-,6,WeMoLink
CIiSCB2Mop6Vl7mEWi,51008,443,tcp,-,-,-,-,S0,T,F,0,S,1,60,0,0,-,6,WeMoLink
C6xW2423YphtEUf77,3565,8443,tcp,ssl,0.851799,9863,6472,SF,T,F,0,ShADadFfR,22,10755,17,7164,-,6,WeMoLink
CAfjuo3nPhSWETDbQc,58362,443,tcp,-,3.012949,0,0,S0,T,F,0,S,3,180,0,0,-,6,WeMoLink
CQjR2w2DF4ObYYnXQ3,49750,443,tcp,-,-,-,-,S0,T,F,0,S,1,60,0,0,-,6,WeMoLink
CM0Q5J3RSouVwSMf1j,50203,443,tcp,-,3.002128,0,0,S0,T,F,0,S,3,180,0,0,-,6,WeMoLink
Cdu9QLJOr6bNqgpl,23191,53,udp,dns,-,-,-,S0,T,T,0,Dc,1,72,0,0,-,17,WeMoLink
CmV8qa2OPoKDP5fDR3,39509,5228,tcp,-,-,-,-,S0,T,F,0,S,1,60,0,0,-,6,WeMoLink
CgCerJ3PL9m1BpNq2a,40236,443,tcp,-,1.010535,0,0,S0,T,F,0,S,2,120,0,0,-,6,WeMoLink
CsS3syZG1qLnkqCw2,56205,443,tcp,-,3.007989,0,0,S0,T,F,0,S,3,180,0,0,-,6,WeMoLink
C9HykQEYK7hpEnrTk,51008,443,tcp,-,-,-,-,S0,T,F,0,S,1,60,0,0,-,6,WeMoLink
CglgOH2SMXJ1vCgXWk,48705,53,udp,dns,-,-,-,S0,T,T,0,Dc,1,64,0,0,-,17,WeMoLink
CPiZy2AkBlTZsWz2b,58362,443,tcp,-,-,-,-,S0,T,F,0,S,1,60,0,0,-,6,WeMoLink
CaCCOE4XDc5ejVW4vg,3854,8443,tcp,ssl,0.686703,1299,5688,SF,T,F,0,ShADadFfRR,15,1911,13,6220,-,6,WeMoLink
Czek8xbrrZdrMu0Y5,52597,443,tcp,-,1.003446,0,0,S0,T,F,0,S,2,120,0,0,-,6,WeMoLink
COG8I21xDj1TcH02E6,3074,53,udp,dns,5.643825,60,0,S0,T,T,0,Dc,2,116,0,0,-,17,WeMoLink
CZLglH11b9MDYGwGFh,50203,443,tcp,-,-,-,-,S0,T,F,0,S,1,60,0,0,-,6,WeMoLink
Cff3tK3SegpuG8Nhw7,36596,443,tcp,-,0.991722,0,0,S0,T,F,0,S,2,120,0,0,-,6,WeMoLink
CEqSZU2mjYPHTyMwh5,56886,5228,tcp,-,3.011796,0,0,S0,T,F,0,S,3,180,0,0,-,6,WeMoLink
CM3gQD1xS5MkWJ97Yc,40867,53,udp,dns,-,-,-,S0,T,T,0,Dc,1,62,0,0,-,17,WeMoLink
CJh6172zlLGKz8EIi7,23075,53,udp,dns,-,-,-,S0,T,T,0,Dc,1,65,0,0,-,17,WeMoLink
CPcoltiWW7df4UAdg,58165,53,udp,dns,-,-,-,S0,T,T,0,Dc,1,64,0,0,-,17,WeMoLink
CARjDibuvYOkV4GAc,57760,443,tcp,-,0.999933,0,0,S0,T,F,0,S,2,120,0,0,-,6,WeMoLink
CURHXj2PBlOyJNps3h,3077,53,udp,dns,-,-,-,S0,T,T,0,Dc,1,58,0,0,-,17,WeMoLink
CYlbcy1JNovLJzevp8,56205,443,tcp,-,-,-,-,S0,T,F,0,S,1,60,0,0,-,6,WeMoLink
COCokH3W2GaCZ7uEQk,45203,443,tcp,-,1.005657,0,0,S0,T,F,0,S,2,120,0,0,-,6,WeMoLink
CTdO9p1wYHIimhwZul,58362,443,tcp,-,-,-,-,S0,T,F,0,S,1,60,0,0,-,6,WeMoLink
CmK2oygA1zM1ZhcM4,24385,53,udp,dns,-,-,-,S0,T,T,0,Dc,1,67,0,0,-,17,WeMoLink
CocrIR2tC3lkHlQeZ1,42996,443,tcp,-,1.004474,0,0,S0,T,F,0,S,2,120,0,0,-,6,WeMoLink
CBt4tB1UX8G4A31db7,55104,443,tcp,-,3.001570,0,0,S0,T,F,0,S,3,180,0,0,-,6,WeMoLink
Cs7Wd51WzegVO8ccb,56886,5228,tcp,-,-,-,-,S0,T,F,0,S,1,60,0,0,-,6,WeMoLink
CMYpN52qQ96woRXcAh,50203,443,tcp,-,-,-,-,S0,T,F,0,S,1,60,0,0,-,6,WeMoLink
Cb3sco1Mvll6eKPdP9,59926,443,tcp,-,1.001890,0,0,S0,T,F,0,S,2,120,0,0,-,6,WeMoLink
CleviSdHBpgvOOlPi,49750,443,tcp,-,-,-,-,S0,T,F,0,S,1,60,0,0,-,6,WeMoLink
CKgWOQ35Yz19p1lPE5,3380,8443,tcp,ssl,1.591914,32153,6472,SF,T,F,0,ShADadFfR,42,33845,30,7684,-,6,WeMoLink
CDPhmK3xIfzsOZcWcc,48913,8443,tcp,-,1.007899,0,0,S0,T,F,0,S,2,120,0,0,-,6,WeMoLink
CgkNaj0svrqzFME2h,58441,443,tcp,-,0.987788,0,0,S0,T,F,0,S,2,120,0,0,-,6,WeMoLink
CiKlvH17jPnf7Kb0Hc,56205,443,tcp,-,-,-,-,S0,T,F,0,S,1,60,0,0,-,6,WeMoLink
CaE0tJ2DZNXUtAfYA9,3077,53,udp,dns,3.440176,60,0,S0,T,T,0,Dc,2,116,0,0,-,17,WeMoLink
C7N9yG4iD9YgSRt6ek,3121,8443,tcp,ssl,1.673826,23220,6200,SF,T,F,0,ShADadFfR,32,24512,30,7412,-,6,WeMoLink
CDKqoI1mnK1xp8x0hd,16357,53,udp,dns,-,-,-,S0,T,T,0,Dc,1,58,0,0,-,17,WeMoLink
CGt7UWhXVB4VUcKmf,3522,8443,tcp,ssl,0.751654,1411,5736,SF,T,F,0,ShADadFfR,14,1983,12,6228,-,6,WeMoLink
CL9Enf1QCyr5bIRfYe,3078,53,udp,dns,-,-,-,S0,T,T,0,Dc,1,58,0,0,-,17,WeMoLink
COMLbb3nty0SXXn7Ie,68,67,udp,dhcp,0.028178,728,0,S0,T,T,0,D,2,784,0,0,-,17,WeMoLink
CnUYRiQTycfmUFzyh,68,67,udp,-,-,-,-,OTH,T,T,0,^c,0,0,0,0,-,17,WeMoLink
CSWT1C4ZyVVfAtrQu6,3073,123,udp,ntp,3.257864,96,0,S0,T,F,0,D,2,152,0,0,-,17,WeMoLink
C4BjCD43QHVQ7vzfX4,8,0,icmp,-,3.015419,224,224,OTH,T,F,0,-,4,336,4,336,-,1,WeMoLink
Cey4TE45h2h5lqikze,3,13,icmp,-,-,-,-,OTH,F,T,0,-,1,56,0,0,-,1,WeMoLink
Ck0k2n1c4HpFgjF6Yf,3073,123,udp,ntp,0.014146,48,48,SF,T,F,0,Dd,1,76,1,76,-,17,WeMoLink
CdAWZ02hyQU8UG4tMi,3074,123,udp,ntp,0.014157,48,48,SF,T,F,0,Dd,1,76,1,76,-,17,WeMoLink
CxmRy84GslOorAA60g,8,0,icmp,-,2.012239,168,168,OTH,T,T,0,-,3,252,3,252,-,1,WeMoLink
Cd99uc1zhkyLxCT0Fg,0,0,unknown_transport,-,9.911952,0,0,OTH,T,T,0,-,2,80,0,0,-,2,WeMoLink
CViM4G4i7IPSkKyES4,3075,123,udp,ntp,-,-,-,S0,T,F,0,D,1,76,0,0,-,17,WeMoLink
CEZtZfg9YgJrRlcxl,3076,123,udp,ntp,0.014216,48,48,SF,T,F,0,Dd,1,76,1,76,-,17,WeMoLink
CsMUcz38h27ojtbZRf,3230,3478,tcp,-,27.241733,508,464,S1,T,F,0,ShADad,10,920,8,796,-,6,WeMoLink
Cm7PZj1DdsrP1y8qXb,3077,123,udp,ntp,1.011986,96,96,SF,T,F,0,Dd,2,152,2,152,-,17,WeMoLink
CXPAqUZE1hfjJRBa1,3076,123,udp,ntp,-,-,-,S0,T,F,0,D,1,76,0,0,-,17,WeMoLink
CT6Fjt491AwCpFJYE9,3078,1900,udp,-,0.023977,5279,0,S0,T,T,0,D,13,5643,0,0,-,17,WeMoLink
CjA7W43vgyZv2ZulJ9,3074,123,udp,ntp,-,-,-,S0,T,F,0,D,1,76,0,0,-,17,WeMoLink
CMYwpe44107oohl42a,50443,34418,tcp,-,0.001624,37,0,RSTR,F,T,0,DFr,2,141,2,80,-,6,TP-LinkPlugHS110
CkMLdHmGSRFjCyNq1,59654,53,udp,dns,-,-,-,S0,T,T,0,Dc,1,61,0,0,-,17,TP-LinkPlugHS110
COyPKb2OYWpn9SY3C4,56072,53,udp,dns,-,-,-,S0,T,T,0,Dc,1,66,0,0,-,17,TP-LinkPlugHS110
CUpg3z5fIf3jE3kh6,48959,50443,tcp,ssl,32.984596,4835,4834,S1,T,F,0,ShADad,22,5987,17,5726,-,6,TP-LinkPlugHS110
Csigls2b0ci7NDXw8b,56495,123,udp,ntp,0.164798,48,48,SF,T,F,0,Dd,1,76,1,76,-,17,TP-LinkPlugHS110
CNCQY03IIHaLoBKf2h,68,67,udp,-,-,-,-,OTH,T,T,0,^c,0,0,0,0,-,17,TP-LinkPlugHS110
CQVLeisyL5CxZhm19,68,67,udp,dhcp,0.004477,1096,0,S0,T,T,0,D,2,1152,0,0,-,17,TP-LinkPlugHS110
CQxmUN39a8bmkLAtE,143,0,icmp,-,-,-,-,OTH,T,F,0,-,1,76,0,0,-,58,EdnetCam2
CoPEgz164ckZX0XC17,68,67,udp,-,-,-,-,OTH,T,T,0,^c,0,0,0,0,-,17,EdnetCam2
C11GO03FhM9bozUkl7,3072,69,udp,-,8.919745,297,0,S0,T,T,0,D,11,605,0,0,-,17,EdnetCam2
C1YHwxWDNximPTXk5,133,134,icmp,-,4.022121,16,0,OTH,T,F,0,-,2,112,0,0,-,58,EdnetCam2
CdB9gi4RHV9J7hQpL,68,67,udp,dhcp,0.037850,1096,0,S0,T,T,0,D,2,1152,0,0,-,17,EdnetCam2
C47rlx3NCTmzJQeaCj,0,0,unknown_transport,-,-,-,-,OTH,T,T,0,-,1,32,0,0,-,2,iKettle2
COzO0c33wv20yurJHi,68,67,udp,-,-,-,-,OTH,T,T,0,^c,0,0,0,0,-,17,iKettle2
CuXwFy4qpHq0yadkY9,68,67,udp,dhcp,0.008208,616,0,S0,T,T,0,D,2,672,0,0,-,17,iKettle2
CgPPpOvPeFBdQxrA8,50443,38855,tcp,-,23.139602,431,0,RSTR,F,T,0,DTFr,8,2029,1,40,-,6,TP-LinkPlugHS100
C3feBq3VWKKSWU4zMj,40313,50443,tcp,ssl,2.299917,1110,4142,RSTO,T,F,0,ShADadfR,15,1898,12,4774,-,6,TP-LinkPlugHS100
Cab3vR1y9FKEs0JT28,53004,53,udp,dns,-,-,-,S0,T,T,0,Dc,1,61,0,0,-,17,TP-LinkPlugHS100
CVKroQ3oA9Yq5vJQ74,37142,53,udp,dns,-,-,-,S0,T,T,0,Dc,1,66,0,0,-,17,TP-LinkPlugHS100
CC1xUx2R1428RgkF2k,41608,53,udp,dns,-,-,-,S0,T,T,0,Dc,1,66,0,0,-,17,TP-LinkPlugHS100
Cm3dwx3ukzG7ddncf,44989,123,udp,ntp,0.052301,48,48,SF,T,F,0,Dd,1,76,1,76,-,17,TP-LinkPlugHS100
C84PBt2O54MrKzkPZj,39106,50443,tcp,ssl,11.426074,2287,4296,S1,T,F,0,ShADad,18,3231,12,4928,-,6,TP-LinkPlugHS100
CowZ6j4cKeB5I3cAe7,68,67,udp,-,-,-,-,OTH,T,T,0,^c,0,0,0,0,-,17,TP-LinkPlugHS100
CFPWMf43tX8U4f84c4,68,67,udp,dhcp,0.004600,1096,0,S0,T,T,0,D,2,1152,0,0,-,17,TP-LinkPlugHS100
CHDXdz2H8PqCGO7Lm8,59904,53,udp,dns,-,-,-,S0,T,T,0,Dc,1,60,0,0,-,17,Aria
COYx5j4iSAKgrhpQGf,62997,80,tcp,http,0.556530,227,1230,SF,T,F,0,ShADadFf,8,567,9,1598,-,6,Aria
C1oqkISfTkXG3Bfug,60366,80,tcp,http,0.299975,194,725,SF,T,F,0,ShADadFf,7,494,6,973,-,6,Aria
CFen2O3vEXqPZAum1,68,67,udp,-,-,-,-,OTH,T,T,0,^c,0,0,0,0,-,17,Aria
CnmCU02o8LFTektjze,68,67,udp,dhcp,2.109718,1200,0,S0,T,T,0,D,4,1312,0,0,-,17,Aria
CYkRdLUbWzXI2CI74,0,0,unknown_transport,-,-,-,-,OTH,T,T,0,-,1,32,0,0,-,2,SmarterCoffee
CX8MyN2RnC0ZBq5opb,68,67,udp,-,-,-,-,OTH,T,T,0,^c,0,0,0,0,-,17,SmarterCoffee
CSDxta37AR7OFgZ7Zh,68,67,udp,dhcp,0.009283,616,0,S0,T,T,0,D,2,672,0,0,-,17,SmarterCoffee
CGWqWs3z48oketxpui,9292,51067,tcp,-,21.835983,203,427,OTH,F,T,0,AdDa,11,643,16,1067,-,6,HomeMaticPlug
CtVpAqghezOjhTOB2,1025,53,udp,dns,-,-,-,S0,T,T,0,Dc,1,63,0,0,-,17,MAXGateway
C9nnJm259Ae6jcCmfc,68,67,udp,dhcp,-,-,-,S0,T,T,0,D,1,328,0,0,-,17,MAXGateway
CXBZW23APwUP8iFDt7,0,0,unknown_transport,-,5.816321,0,0,OTH,T,T,0,-,2,64,0,0,-,2,MAXGateway
CpTxfu2V1kDnN3czX7,1024,123,udp,ntp,0.018746,48,48,SF,T,F,0,Dd,1,76,1,76,-,17,MAXGateway
CX2tAT3BlGyWG8yZ17,50077,62910,tcp,-,50.633965,104,441,S1,T,T,0,ShAdDa,22,996,22,1325,-,6,MAXGateway
CHNU7J134UUBxSvFXh,5353,5353,udp,dns,0.752841,1384,0,S0,T,T,0,D,4,1496,0,0,-,17,Lightify
CtGuLG1VEiMa3I6WDk,49153,53,udp,dns,-,-,-,S0,T,T,0,Dc,1,76,0,0,-,17,Lightify
CKgTHo18aWPhW6hySh,68,67,udp,-,-,-,-,OTH,T,T,0,^c,0,0,0,0,-,17,Lightify
CD32zQ2HGIBgar8kH4,49157,80,udp,-,0.030207,50,58,SF,T,F,0,Dd,1,78,1,86,-,17,Lightify
CdTq9z1H42pIU9Nksj,5353,5353,udp,dns,30.513995,14775,0,S0,T,T,0,D,55,16315,0,0,-,17,Lightify
CCOhxvSQM1HiDTO3c,68,67,udp,dhcp,49.115932,1232,0,S0,T,T,0,D,4,1344,0,0,-,17,Lightify
C04TgzIAeuxLAR318,0,0,unknown_transport,-,49.248774,0,0,OTH,T,T,0,-,2,64,0,0,-,2,Lightify
CW5WBL1jZUcxEKaGh6,0,0,unknown_transport,-,49.350160,0,0,OTH,T,T,0,-,2,64,0,0,-,2,Lightify
C3dmM53PUJ5SPS2Lm3,49158,80,udp,-,138.197045,18446,9185,SF,T,F,0,Dd,144,22478,144,13217,-,17,Lightify
CEfoTL13UPtajJTf49,49860,80,tcp,http,1.358159,137,201,SF,T,F,0,ShADadFf,6,457,4,417,-,6,D-LinkWaterSensor
CRWO3p18mJVRNDkXzg,5353,5353,udp,dns,9.393665,6824,0,S0,T,T,0,D,19,7356,0,0,-,17,D-LinkWaterSensor
CSedx9rzFAmSYusU2,41892,53,udp,dns,-,-,-,S0,T,T,0,Dc,1,60,0,0,-,17,D-LinkWaterSensor
CGP8dBmkaSnDjH0Cf,43738,53,udp,dns,-,-,-,S0,T,T,0,Dc,1,99,0,0,-,17,D-LinkWaterSensor
Cc1MlY3HIWhbcoHw03,42477,53,udp,dns,-,-,-,S0,T,T,0,Dc,1,60,0,0,-,17,D-LinkWaterSensor
CcXdZiIzsVow1X2Xa,44597,53,udp,dns,-,-,-,S0,T,T,0,Dc,1,60,0,0,-,17,D-LinkWaterSensor
CJurrCq1DByM4FLM1,57336,443,tcp,ssl,0.794787,847,4637,RSTO,T,F,0,ShADadR,12,1479,9,5113,-,6,D-LinkWaterSensor
CgY8p39bREMiaNsp3,57338,443,tcp,ssl,1.202249,1593,4685,SF,T,F,0,ShADadFfR,14,2305,11,5265,-,6,D-LinkWaterSensor
CoPZRk1dWcWiVR8Zze,45396,80,tcp,http,0.941028,161,201,SF,T,F,0,ShADadfF,6,481,5,469,-,6,D-LinkWaterSensor
CBmu1H3BQuwCGrhu3h,57339,443,tcp,ssl,1.887296,735,4493,RSTO,T,F,0,ShADadR,12,1367,9,4969,-,6,D-LinkWaterSensor
ClRBCn2A4UDSkS8Awe,34034,53,udp,dns,-,-,-,S0,T,T,0,Dc,1,63,0,0,-,17,D-LinkWaterSensor
CNhU4N3042R9BdUdO7,54178,80,tcp,http,0.202450,266,488,SF,T,F,0,ShADadfF,5,534,5,756,-,6,D-LinkWaterSensor
CZvWuw4zme4WmkMC2a,50657,53,udp,dns,-,-,-,S0,T,T,0,Dc,1,60,0,0,-,17,D-LinkWaterSensor
CJYZT565xGTGFPcW1,53328,53,udp,dns,-,-,-,S0,T,T,0,Dc,1,66,0,0,-,17,D-LinkWaterSensor
CMFrXf295UX95BLenk,45126,53,udp,dns,-,-,-,S0,T,T,0,Dc,1,90,0,0,-,17,D-LinkWaterSensor
ClUsdl31eseIWEVmA5,58358,53,udp,dns,-,-,-,S0,T,T,0,Dc,1,66,0,0,-,17,D-LinkWaterSensor
C1WjAG4zXF1d6yGYub,50733,53,udp,dns,-,-,-,S0,T,T,0,Dc,1,65,0,0,-,17,D-LinkWaterSensor
CQP4KIbfyoWWgJN05,44225,53,udp,dns,-,-,-,S0,T,T,0,Dc,1,63,0,0,-,17,D-LinkWaterSensor
Che4YG1Xmyi7RGShN1,33243,53,udp,dns,-,-,-,S0,T,T,0,Dc,1,98,0,0,-,17,D-LinkWaterSensor
CbU0qj2bczfbJcGk5j,38317,53,udp,dns,-,-,-,S0,T,T,0,Dc,1,63,0,0,-,17,D-LinkWaterSensor
CJhUW44X838nf1G0S2,45996,80,tcp,http,3.742451,166,196448,SF,T,F,0,ShADadtfF,85,3598,148,202768,-,6,D-LinkWaterSensor
Cuomo22VAMjbpIQzJj,52585,443,tcp,ssl,8.698130,1657,5122,SF,T,F,0,ShADadFfR,20,2477,17,5814,-,6,D-LinkWaterSensor
Cnv0Z7INgMtBWHLl5,52587,443,tcp,ssl,4.934009,543,4024,SF,T,F,0,ShADadtFfR,15,1175,15,4689,-,6,D-LinkWaterSensor
ChVFMI1AIXMMIANI67,46023,53,udp,dns,-,-,-,S0,T,T,0,Dc,1,72,0,0,-,17,D-LinkWaterSensor
CMwqri3YIenQmektyb,45318,53,udp,dns,-,-,-,S0,T,T,0,Dc,1,72,0,0,-,17,D-LinkWaterSensor
CPgJGA1pr5zaxmnl4k,143,0,icmp,-,-,-,-,OTH,T,F,0,-,1,76,0,0,-,58,D-LinkWaterSensor
C8iKYp1bTcyVk3AR51,133,134,icmp,-,3.999926,16,0,OTH,T,F,0,-,2,112,0,0,-,58,D-LinkWaterSensor
C1poNJ3tBIKtXeVOt7,57346,443,tcp,ssl,0.836452,884,4345,RSTO,T,F,0,ShADadR,10,1412,9,4821,-,6,D-LinkWaterSensor
C8yZPG1FSjPYrC9Sv5,57347,443,tcp,ssl,1.423748,896,564,RSTO,T,F,0,ShADadR,7,1268,7,936,-,6,D-LinkWaterSensor
CRhzFU2HzUs8rYaXcf,67,68,udp,dhcp,2.545972,798,0,S0,T,T,0,D,3,882,0,0,-,17,D-LinkWaterSensor
CATDMr1594CANYuNWh,48843,53,udp,dns,-,-,-,S0,T,T,0,Dc,1,63,0,0,-,17,D-LinkWaterSensor
Ca0qvH3foGCTJ5P5dh,5353,5353,udp,dns,28.173743,18510,0,S0,T,T,0,D,68,20414,0,0,-,17,D-LinkWaterSensor
CU716R3Uw1TABun2xa,51254,53,udp,dns,-,-,-,S0,T,T,0,Dc,1,65,0,0,-,17,D-LinkWaterSensor
CAvy7x2IOmjF5ROvMb,0,0,unknown_transport,-,6.457936,0,0,OTH,T,T,0,-,2,80,0,0,-,2,D-LinkWaterSensor
C9UtmrbnJDzRvEcDj,44241,123,udp,ntp,0.170917,48,48,SF,T,F,0,Dd,1,76,1,76,-,17,D-LinkWaterSensor
CKyfn54yjfJmLWFPD1,33948,123,udp,ntp,0.100813,48,48,SF,T,F,0,Dd,1,76,1,76,-,17,D-LinkWaterSensor
CY5gIg3B0cIrBuevFb,0,0,unknown_transport,-,6.036077,0,0,OTH,T,T,0,-,5,200,0,0,-,2,D-LinkWaterSensor
Csxaii3f4HHYHtgK17,34831,443,tcp,ssl,20.099659,587,3981,S1,T,F,0,ShADad,16,1247,16,4633,-,6,D-LinkWaterSensor
CVz31S2NLzUsgGGDy2,68,67,udp,dhcp,0.023270,630,0,S0,T,T,0,D,2,686,0,0,-,17,D-LinkWaterSensor
CYHyzk397V4VMmjun9,5353,5353,udp,dns,1.802904,2715,0,S0,T,T,0,D,7,2911,0,0,-,17,D-LinkSwitch
C3O6hX1DK9Dx3OXoJe,52582,80,tcp,http,1.336337,137,660,SF,T,F,0,ShADadFf,6,457,4,876,-,6,D-LinkSwitch
CGkh0r4b7Ip5um04ie,5353,5353,udp,dns,0.020878,601,0,S0,T,T,0,D,2,657,0,0,-,17,D-LinkSwitch
CrpgOi4X2sP1N72yB5,54836,53,udp,dns,-,-,-,S0,T,T,0,Dc,1,60,0,0,-,17,D-LinkSwitch
Cli34m3RaTeAp5OXtc,54986,53,udp,dns,-,-,-,S0,T,T,0,Dc,1,60,0,0,-,17,D-LinkSwitch
CqquAnLnuR6G1Cgjk,46833,53,udp,dns,-,-,-,S0,T,T,0,Dc,1,99,0,0,-,17,D-LinkSwitch
C67Udm46t0Rr4eCOV7,54630,53,udp,dns,-,-,-,S0,T,T,0,Dc,1,60,0,0,-,17,D-LinkSwitch
CHwhNa2L4HJVSk6Aw1,58514,443,tcp,ssl,0.652535,847,4653,RSTO,T,F,0,ShADadR,12,1479,9,5129,-,6,D-LinkSwitch
CGMz2G2uyhi7VLkl2k,58516,443,tcp,ssl,1.114649,2041,4685,SF,T,F,0,ShADadFfR,14,2753,11,5265,-,6,D-LinkSwitch
CFUsMz2XvxyIhW9Dn1,58517,443,tcp,ssl,1.659316,735,4493,RSTO,T,F,0,ShADadR,12,1367,9,4969,-,6,D-LinkSwitch
CwktMh1nav4JZVTCK6,38412,80,tcp,http,0.640515,199,206,SF,T,F,0,ShADadFf,6,519,4,422,-,6,D-LinkSwitch
CDb90Hu5maNG0nhd1,60783,53,udp,dns,-,-,-,S0,T,T,0,Dc,1,63,0,0,-,17,D-LinkSwitch
CWIjx8obIv3cg3lK6,34793,80,tcp,http,0.182389,306,493,SF,T,F,0,ShADadFf,6,626,4,709,-,6,D-LinkSwitch
CbulgH3l05K9qglbR7,39112,53,udp,dns,-,-,-,S0,T,T,0,Dc,1,60,0,0,-,17,D-LinkSwitch
CCVx2k2bdlKesasWHc,49028,53,udp,dns,-,-,-,S0,T,T,0,Dc,1,65,0,0,-,17,D-LinkSwitch
CtPuzw4iCv0KiKpzG7,50397,53,udp,dns,-,-,-,S0,T,T,0,Dc,1,66,0,0,-,17,D-LinkSwitch
CKNiLB3a7gpUmjy9Y2,39215,53,udp,dns,-,-,-,S0,T,T,0,Dc,1,63,0,0,-,17,D-LinkSwitch
C2qXdo4CGMRTsG0AEh,36681,80,tcp,http,3.982200,204,196429,SF,T,F,0,ShADadtFf,87,3716,148,202730,-,6,D-LinkSwitch
CCSv432gmgDP9m8YP3,43132,443,tcp,ssl,8.427388,543,4024,SF,T,F,0,ShADadtFfR,16,1215,16,4729,-,6,D-LinkSwitch
C7iH8B2MJpiDqJbtmb,37214,53,udp,dns,-,-,-,S0,T,T,0,Dc,1,72,0,0,-,17,D-LinkSwitch
C6acuo3HDAthYRBvp3,46950,443,tcp,ssl,0.707150,881,4345,RSTO,T,F,0,ShADadR,10,1409,9,4821,-,6,D-LinkSwitch
CrcI4P257VakSExQDl,46951,443,tcp,ssl,0.742347,896,564,RSTO,T,F,0,ShADadR,7,1268,7,936,-,6,D-LinkSwitch
CNC7Ja3ouyEEk34jRa,5353,5353,udp,dns,21.220430,10862,0,S0,T,T,0,D,41,12010,0,0,-,17,D-LinkSwitch
CURrrmkjJPXMl3fma,50809,53,udp,dns,-,-,-,S0,T,T,0,Dc,1,63,0,0,-,17,D-LinkSwitch
CVtiPq92UdX7q9MA9,44296,53,udp,dns,-,-,-,S0,T,T,0,Dc,1,65,0,0,-,17,D-LinkSwitch
CshTtY1Dm5RHCnTikf,133,134,icmp,-,3.999766,16,0,OTH,T,F,0,-,2,112,0,0,-,58,D-LinkSwitch
Cc2kYC2fp8wemSPPLd,68,67,udp,dhcp,0.027878,630,0,S0,T,T,0,D,2,686,0,0,-,17,D-LinkSwitch
COvJby4uhRKtpHW0y1,0,0,unknown_transport,-,11.267733,0,0,OTH,T,T,0,-,3,120,0,0,-,2,D-LinkSwitch
C01tCE43QRdfJMQYn1,52703,123,udp,ntp,0.165927,48,48,SF,T,F,0,Dd,1,76,1,76,-,17,D-LinkSwitch
C3ICf94kav0LM0lgc3,50381,443,tcp,ssl,38.920708,3153,6059,S1,T,F,0,ShADad,24,4133,24,7031,-,6,D-LinkSwitch
C2pCoM3qwWWYH7UjO6,33343,123,udp,ntp,0.099654,48,48,SF,T,F,0,Dd,1,76,1,76,-,17,D-LinkSwitch
CRNkG13KeRUHoOcydc,50382,443,tcp,ssl,30.120538,648,137,S1,T,F,0,ShADad,14,1228,13,669,-,6,D-LinkSwitch
C6NUKf4k5X5uffe9X6,0,0,unknown_transport,-,24.711527,0,0,OTH,T,T,0,-,11,440,0,0,-,2,D-LinkSwitch
CefaBK4MWj3zlJcZc,5353,5353,udp,dns,23.200382,1632,0,S0,T,T,0,D,9,1884,0,0,-,17,EdimaxCam1
CZosgHpmPWr6tvDO3,5353,5353,udp,dns,-,-,-,S0,T,T,0,D,1,247,0,0,-,17,EdimaxCam1
CAAHmL2gqs4BXG9em3,53916,1900,udp,-,6.033103,503,0,S0,T,T,0,D,4,615,0,0,-,17,EdimaxCam1
C88Pus35BuAzRgUbZi,0,0,unknown_transport,-,8.146237,0,0,OTH,T,T,0,-,3,120,0,0,-,2,EdimaxCam1
CeWPx52bq4wDlRJE58,44580,1900,udp,-,6.030262,503,0,S0,T,T,0,D,4,615,0,0,-,17,EdimaxCam1
CXuGe916GoAFo14xp8,51140,51140,udp,-,0.220310,174,0,S0,T,T,0,D,3,258,0,0,-,17,EdimaxCam1
C7oekSIHmkCqPWYMa,1900,1900,udp,-,10.113159,4116,0,S0,T,T,0,D,18,4620,0,0,-,17,EdimaxCam1
CnV4zE2mLH6ie2vkOh,68,67,udp,dhcp,0.011757,1096,0,S0,T,T,0,D,2,1152,0,0,-,17,EdimaxCam1
CrTQEM3gM5pTm4Z7Oh,40382,80,tcp,http,1.391334,137,659,SF,T,F,0,ShADadFf,6,457,4,875,-,6,D-LinkSensor
C9He6m2fAgi2QevaB7,5353,5353,udp,dns,9.710989,6182,0,S0,T,T,0,D,18,6686,0,0,-,17,D-LinkSensor
CXuzVC15lYqOZRpQ23,36431,53,udp,dns,-,-,-,S0,T,T,0,Dc,1,60,0,0,-,17,D-LinkSensor
CA0WeY2Xbn38h1mF05,45378,53,udp,dns,-,-,-,S0,T,T,0,Dc,1,99,0,0,-,17,D-LinkSensor
C70hjy2vdYz1gUJ4z3,33210,53,udp,dns,-,-,-,S0,T,T,0,Dc,1,60,0,0,-,17,D-LinkSensor
CYRjuCZh0N3Q7Z5a7,33440,53,udp,dns,-,-,-,S0,T,T,0,Dc,1,60,0,0,-,17,D-LinkSensor
CqPvzw1HewmC8lAuza,45343,443,tcp,ssl,0.664970,847,4637,RSTO,T,F,0,ShADadR,12,1479,9,5113,-,6,D-LinkSensor
CgaG0R7KyjXXvJBW7,45345,443,tcp,ssl,1.126775,1593,4685,SF,T,F,0,ShADadFfR,14,2305,11,5265,-,6,D-LinkSensor
CFrTqI3YcOIecU47N9,41041,80,tcp,http,0.378683,161,200,SF,T,F,0,ShADadfF,6,481,5,468,-,6,D-LinkSensor
CMQvt840GmhAX6vBii,45346,443,tcp,ssl,1.771388,735,4493,RSTO,T,F,0,ShADadR,12,1367,9,4969,-,6,D-LinkSensor
CPqHsu4W53nfyIEiaa,43156,53,udp,dns,-,-,-,S0,T,T,0,Dc,1,63,0,0,-,17,D-LinkSensor
CIP7DI31NnFM9tA8q4,48250,80,tcp,http,0.196607,262,488,SF,T,F,0,ShADadfF,5,530,5,756,-,6,D-LinkSensor
CbYyct1WPpZ4kmdDQ,40102,53,udp,dns,-,-,-,S0,T,T,0,Dc,1,60,0,0,-,17,D-LinkSensor
C301yUxed5aTqkDj8,54562,53,udp,dns,-,-,-,S0,T,T,0,Dc,1,66,0,0,-,17,D-LinkSensor
CwzydL3p47AdKUg8A4,52389,53,udp,dns,-,-,-,S0,T,T,0,Dc,1,100,0,0,-,17,D-LinkSensor
CeaX6UxAiFJyDJe2,35778,53,udp,dns,-,-,-,S0,T,T,0,Dc,1,66,0,0,-,17,D-LinkSensor
CGaomP2FryjG9lcWti,56635,53,udp,dns,-,-,-,S0,T,T,0,Dc,1,65,0,0,-,17,D-LinkSensor
CGwndA4r40VQLooF3i,58813,80,tcp,http,3.100052,166,253892,SF,T,F,0,ShADadfF,106,4426,188,261424,-,6,D-LinkSensor
CEHqD722eqeQL0DdQ3,57981,53,udp,dns,-,-,-,S0,T,T,0,Dc,1,63,0,0,-,17,D-LinkSensor
C3VsHXGmTzsmeLfm3,56374,53,udp,dns,-,-,-,S0,T,T,0,Dc,1,108,0,0,-,17,D-LinkSensor
CJSOD24o2ENvayvYq8,32805,53,udp,dns,-,-,-,S0,T,T,0,Dc,1,63,0,0,-,17,D-LinkSensor
CgVMXP3vB7YTVpqsq9,133,134,icmp,-,4.000019,16,0,OTH,T,F,0,-,2,112,0,0,-,58,D-LinkSensor
CJy2zp3XH6BeT6Yrpk,48693,443,tcp,ssl,5.981567,543,4024,SF,T,F,0,ShADadtFfR,16,1215,16,4729,-,6,D-LinkSensor
C3tEep1iyz63tBDKnc,48692,443,tcp,ssl,8.151247,1609,5122,SF,T,F,0,ShADadFfR,20,2429,18,5854,-,6,D-LinkSensor
C5IFtlmZxDG7GfEol,33788,53,udp,dns,-,-,-,S0,T,T,0,Dc,1,72,0,0,-,17,D-LinkSensor
CxPRoR3i9AazBX8DDc,47040,53,udp,dns,-,-,-,S0,T,T,0,Dc,1,72,0,0,-,17,D-LinkSensor
CUHhXd1rxCracL32R2,38107,443,tcp,ssl,0.815110,867,4345,RSTO,T,F,0,ShADadR,12,1499,9,4821,-,6,D-LinkSensor
CZwCiV2w69jmQu9G39,38108,443,tcp,ssl,0.949879,900,564,RSTO,T,F,0,ShADadR,9,1376,7,936,-,6,D-LinkSensor
Czdszo3ZHMOYN5Osj,5353,5353,udp,dns,30.573481,16241,0,S0,T,T,0,D,69,18173,0,0,-,17,D-LinkSensor
Cj8UXQ3QP9qrUNo0dg,54106,53,udp,dns,-,-,-,S0,T,T,0,Dc,1,63,0,0,-,17,D-LinkSensor
CBhmtVchQCaqIaQs3,45780,53,udp,dns,-,-,-,S0,T,T,0,Dc,1,65,0,0,-,17,D-LinkSensor
C1sSlr4tSa8UQiFgMg,0,0,unknown_transport,-,8.152049,0,0,OTH,T,T,0,-,3,120,0,0,-,2,D-LinkSensor
CcPsxtYPSOCCF4icb,68,67,udp,dhcp,0.004612,622,0,S0,T,T,0,D,2,678,0,0,-,17,D-LinkSensor
Cl36g32P4VoCXevBnb,68,67,udp,-,-,-,-,OTH,T,T,0,^c,0,0,0,0,-,17,D-LinkSensor
CkZHJy2inKgtthxTjd,57203,123,udp,ntp,0.165235,48,48,SF,T,F,0,Dd,1,76,1,76,-,17,D-LinkSensor
CcbCbC4uAwAQyOy1q2,33549,443,tcp,ssl,35.285961,630,4005,S1,T,F,0,ShADadt,22,1542,23,5006,-,6,D-LinkSensor
C0gkt02vFzOmYfnV6l,38998,123,udp,ntp,0.098559,48,48,SF,T,F,0,Dd,1,76,1,76,-,17,D-LinkSensor
CP0syHiFf6PIQp1Ug,0,0,unknown_transport,-,12.716086,0,0,OTH,T,T,0,-,4,160,0,0,-,2,D-LinkSensor
CdSpYk2U3OmBawBHa5,39378,10000,tcp,-,4.010835,0,0,S0,T,T,0,S,2,120,0,0,-,6,EdimaxPlug1101W
CwEaY72jGhMGHlMxL1,4257,80,tcp,-,0.005421,0,0,SF,T,F,0,ShAFf,4,216,2,112,-,6,EdimaxPlug1101W
CWv0pp9MNYiFJKV3,3072,53,udp,dns,-,-,-,S0,T,T,0,Dc,1,60,0,0,-,17,EdimaxPlug1101W
C8AkS3419hA5LuvTZ7,10000,55810,tcp,-,4.895849,0,0,SH,T,T,0,F,3,156,0,0,-,6,EdimaxPlug1101W
CGCAR54G6q8f585Qt6,4258,80,tcp,-,0.006047,0,0,SF,T,F,0,ShAFaf,4,216,3,164,-,6,EdimaxPlug1101W
C6ejfw4eqBC8Lamkf8,10000,55810,tcp,-,-,-,-,SH,T,T,0,F,1,52,0,0,-,6,EdimaxPlug1101W
Co3eMq4uFWN9aUia72,3072,53,udp,dns,0.572021,96,0,S0,T,T,0,Dc,3,180,0,0,-,17,EdimaxPlug1101W
CUTeXRJG3EJCb5aX9,3536,8767,tcp,-,0.345983,475,231,SF,T,F,0,ShADadfF,6,795,6,551,-,6,EdimaxPlug1101W
CEyBbS1lx6WGW4k9kb,10000,55810,tcp,-,-,-,-,SH,T,T,0,F,1,52,0,0,-,6,EdimaxPlug1101W
Ctp39N12rhkDUcWFW9,68,67,udp,dhcp,0.129137,1096,0,S0,T,T,0,D,2,1152,0,0,-,17,EdimaxPlug1101W
CL5BeO1HbzhIqAn7Pl,1270,8765,udp,-,20.262948,360,85,SF,T,F,0,Dd,2,416,1,113,-,17,EdimaxPlug1101W
Cxj5bn20okHo1lvb1a,10000,55810,tcp,-,-,-,-,SH,T,T,0,F,1,52,0,0,-,6,EdimaxPlug1101W
C8vPIbNEfLRoVsPKe,35681,8765,udp,-,3.179345,2288,707,SF,T,F,0,Dd,7,2484,2,763,-,17,EdimaxPlug1101W
C9OdUq3vxM79FqWiwa,35681,35681,udp,-,0.210318,174,0,S0,T,T,0,D,3,258,0,0,-,17,EdimaxPlug1101W
Ca93zcZjNrEf8lWR2,3072,123,udp,ntp,0.005381,48,48,SF,T,F,0,Dd,1,76,1,76,-,17,EdimaxPlug1101W
CSUT0VrgxDcxvjVXg,1270,1270,udp,-,0.212914,171,0,S0,T,T,0,D,3,255,0,0,-,17,EdimaxPlug1101W
C2qQL726fMrVeVB5Fi,3073,53,udp,dns,0.011396,79,0,S0,T,T,0,Dc,2,135,0,0,-,17,WeMoInsightSwitch
CkvKvF4m0M7pjFaUae,42842,80,tcp,-,4.004994,0,0,S0,T,F,0,S,2,120,0,0,-,6,WeMoInsightSwitch
C0FW8l4aGeu0WuYuQd,38707,5228,tcp,-,4.004048,0,0,S0,T,F,0,S,2,120,0,0,-,6,WeMoInsightSwitch
CnAGer4WKio2wdGCg5,56049,7275,tcp,-,-,-,-,S0,T,F,0,S,1,60,0,0,-,6,WeMoInsightSwitch
CuTrm814aLSzd0Cta,3518,8443,tcp,ssl,1.802440,24938,7016,SF,T,F,0,ShADadFfRR,37,26834,32,8688,-,6,WeMoInsightSwitch
CHdARP2EpougP1zaM3,44399,443,tcp,-,3.014951,0,0,S0,T,F,0,S,3,180,0,0,-,6,WeMoInsightSwitch
CGU1Zs3HyVBlvZ75D9,44399,443,tcp,-,-,-,-,S0,T,F,0,S,1,60,0,0,-,6,WeMoInsightSwitch
CBadP3HcMzxTg7Qm3,3076,53,udp,dns,15.096072,362,0,S0,T,T,0,Dcc,12,698,0,0,-,17,WeMoInsightSwitch
C43gzi2hl6BaoZQZc1,38707,5228,tcp,-,-,-,-,S0,T,F,0,S,1,60,0,0,-,6,WeMoInsightSwitch
CACcKG1F8UwvwfUfU3,42068,443,tcp,-,3.024103,0,0,S0,T,F,0,S,3,180,0,0,-,6,WeMoInsightSwitch
CEznhx4gVrZzBXSRDj,4383,8443,tcp,ssl,0.942974,8843,5496,SF,T,F,0,ShADadFfRR,21,9907,16,6336,-,6,WeMoInsightSwitch
CacON42UOD2Ki9isSk,3080,53,udp,dns,0.130658,105,0,S0,T,T,0,Dc,2,161,0,0,-,17,WeMoInsightSwitch
C8c1kG4GwlETqbhrej,3535,8443,tcp,ssl,1.145883,18093,5400,SF,T,F,0,ShADadFfRR,29,19573,24,6656,-,6,WeMoInsightSwitch
C9sRr94jdumhvSwZg4,4714,3475,tcp,-,0.316664,349,12,SF,T,F,0,ShADadFf,6,669,4,228,-,6,WeMoInsightSwitch
CbhSBO2nzuDWqXIX9e,3076,53,udp,dns,-,-,-,S0,T,T,0,Dc,1,58,0,0,-,17,WeMoInsightSwitch
Cpf8oN2uWux1OEzrAd,68,67,udp,dhcp,4.611920,6028,0,S0,T,T,0,D,11,6336,0,0,-,17,WeMoInsightSwitch
CRFLgK3IjFJ9LNzM57,133,134,icmp,-,-,-,-,OTH,T,F,0,-,1,56,0,0,-,58,WeMoInsightSwitch
CjeDsg4Mx68gQflOpa,3078,123,udp,ntp,-,-,-,S0,T,F,0,D,1,76,0,0,-,17,WeMoInsightSwitch
CjGQdX3YFKbc3MBENi,3079,123,udp,ntp,0.020800,48,48,SF,T,F,0,Dd,1,76,1,76,-,17,WeMoInsightSwitch
CwaM203DKndOqmmQCi,3080,123,udp,ntp,0.012186,48,48,SF,T,F,0,Dd,1,76,1,76,-,17,WeMoInsightSwitch
CSTQ4U3H8MCa5EDue1,3085,123,udp,ntp,0.011583,48,48,SF,T,F,0,Dd,1,76,1,76,-,17,WeMoInsightSwitch
C8eOsydtHlaRQ9AS,8,0,icmp,-,2.009722,228,228,OTH,T,T,0,-,3,312,3,312,-,1,WeMoInsightSwitch
CLTZ7N2ZbXv6KuZoV1,3083,123,udp,ntp,-,-,-,S0,T,F,0,D,1,76,0,0,-,17,WeMoInsightSwitch
CJNACc3lZvYtkjunCb,0,0,unknown_transport,-,6.883252,0,0,OTH,T,T,0,-,2,80,0,0,-,2,WeMoInsightSwitch
CvbUdZmGRZin1k5O9,3085,1900,udp,-,0.043391,4881,0,S0,T,T,0,D,12,5217,0,0,-,17,WeMoInsightSwitch
CsJP15FfpY1P8P5Fl,3081,123,udp,ntp,0.011242,48,48,SF,T,F,0,Dd,1,76,1,76,-,17,WeMoInsightSwitch
C3ZI0Y30DBioXIdn56,3080,123,udp,ntp,-,-,-,S0,T,F,0,D,1,76,0,0,-,17,WeMoInsightSwitch
COSZEi1fsw7fZ9Lm8d,3084,123,udp,ntp,0.018090,48,48,SF,T,F,0,Dd,1,76,1,76,-,17,WeMoInsightSwitch
C1ImTf1z59bv9DceKe,3082,1900,udp,-,0.050993,4982,0,S0,T,T,0,D,13,5346,0,0,-,17,WeMoInsightSwitch
CsIEDA4KnccPpEaB4i,3,13,icmp,-,27.824651,84,0,OTH,F,T,0,-,3,168,0,0,-,1,WeMoInsightSwitch
CVqrjpZjIYvlC6Gwb,143,0,icmp,-,13.874755,100,0,OTH,T,F,0,-,3,268,0,0,-,58,WeMoInsightSwitch
CGTBct4SNlxbBtTPjc,3081,123,udp,ntp,0.019939,48,48,SF,T,F,0,Dd,1,76,1,76,-,17,WeMoInsightSwitch
CgkbU83x9OyOhDRcN,55868,80,tcp,http,1.338356,137,201,SF,T,F,0,ShADadFf,6,457,4,417,-,6,D-LinkSiren
CzhZH83jT9ELo4XdU9,5353,5353,udp,dns,9.605436,6395,0,S0,T,T,0,D,17,6871,0,0,-,17,D-LinkSiren
CxMzNc4gdyw4uGXwd8,42978,53,udp,dns,-,-,-,S0,T,T,0,Dc,1,60,0,0,-,17,D-LinkSiren
CxrKT32qZ0gXT8CuQi,43344,53,udp,dns,-,-,-,S0,T,T,0,Dc,1,99,0,0,-,17,D-LinkSiren
CyJICA4mnJXcsmUHti,41471,53,udp,dns,-,-,-,S0,T,T,0,Dc,1,60,0,0,-,17,D-LinkSiren
CZVDiY3aGnI6EoZaua,42334,53,udp,dns,-,-,-,S0,T,T,0,Dc,1,60,0,0,-,17,D-LinkSiren
CabR0s2GLXNyrACtjk,50110,443,tcp,ssl,0.659328,863,4637,RSTO,T,F,0,ShADadR,12,1495,9,5113,-,6,D-LinkSiren
CyDEF21Zuu5LYgposk,50112,443,tcp,ssl,0.850101,1577,4685,SF,T,F,0,ShADadFfR,14,2289,11,5265,-,6,D-LinkSiren
Cl6opT2a1WtJA7ENM5,50113,443,tcp,ssl,1.989067,735,4493,RSTO,T,F,0,ShADadR,12,1367,9,4969,-,6,D-LinkSiren
CKugvg1wP8cJu4DYl5,36245,80,tcp,http,1.066360,161,201,SF,T,F,0,ShADadfF,6,481,5,469,-,6,D-LinkSiren
Chh1sG4o5XiYPWUNr5,32867,53,udp,dns,-,-,-,S0,T,T,0,Dc,1,63,0,0,-,17,D-LinkSiren
CZScsosYEjYyvGZI7,43929,80,tcp,http,0.230827,268,488,SF,T,F,0,ShADadfF,6,588,5,756,-,6,D-LinkSiren
CvcDb73KT83hje0hU6,48712,53,udp,dns,-,-,-,S0,T,T,0,Dc,1,60,0,0,-,17,D-LinkSiren
CcJODh2c3oAEhFQTki,50757,53,udp,dns,-,-,-,S0,T,T,0,Dc,1,66,0,0,-,17,D-LinkSiren
C6YVl61TLHTHAIdp05,56418,53,udp,dns,-,-,-,S0,T,T,0,Dc,1,90,0,0,-,17,D-LinkSiren
CqqSbQ3bDxsfD0q8eb,42245,53,udp,dns,-,-,-,S0,T,T,0,Dc,1,66,0,0,-,17,D-LinkSiren
CyRuxr2WKp7stmeqM8,40396,53,udp,dns,-,-,-,S0,T,T,0,Dc,1,65,0,0,-,17,D-LinkSiren
CHMKSv3JXdPZInbHX8,53742,80,tcp,http,2.365415,166,196448,SF,T,F,0,ShADadfF,84,3546,147,202340,-,6,D-LinkSiren
C9yx4n4C1Iz6gIYk8e,58399,53,udp,dns,-,-,-,S0,T,T,0,Dc,1,63,0,0,-,17,D-LinkSiren
CRB4gRTSIPplz1WBl,60389,53,udp,dns,-,-,-,S0,T,T,0,Dc,1,98,0,0,-,17,D-LinkSiren
C4hwUb4D1QGDYmgi15,50131,53,udp,dns,-,-,-,S0,T,T,0,Dc,1,63,0,0,-,17,D-LinkSiren
COXc4djlIDuuRLfN7,59824,443,tcp,ssl,4.840962,543,4024,SF,T,F,0,ShADadtFfR,15,1175,15,4689,-,6,D-LinkSiren
C9IEu92nr4YYxMPKK1,59822,443,tcp,ssl,7.915266,1673,5122,SF,T,F,0,ShADadFfR,20,2493,17,5814,-,6,D-LinkSiren
CimjYN3wAWDT8NV67e,57035,53,udp,dns,-,-,-,S0,T,T,0,Dc,1,72,0,0,-,17,D-LinkSiren
COyQRs13zbxZA2GqI,36465,53,udp,dns,-,-,-,S0,T,T,0,Dc,1,72,0,0,-,17,D-LinkSiren
CDiuqt2BIUJIbUKSu3,133,134,icmp,-,4.000887,16,0,OTH,T,F,0,-,2,112,0,0,-,58,D-LinkSiren
CBB8i91RjsvRzu6khh,50120,443,tcp,ssl,0.733428,890,4345,SF,T,F,0,ShADadFRfR,12,1498,10,4873,-,6,D-LinkSiren
C0TV592qPgVxz1kS8l,50121,443,tcp,ssl,0.819718,898,564,RSTO,T,F,0,ShADadR,7,1270,7,936,-,6,D-LinkSiren
C2TaBA3zQkbLM65l9j,38396,53,udp,dns,-,-,-,S0,T,T,0,Dc,1,63,0,0,-,17,D-LinkSiren
CCxVnA2azntPBGoLk7,37473,53,udp,dns,-,-,-,S0,T,T,0,Dc,1,65,0,0,-,17,D-LinkSiren
Cg0rbLpg1UdjOJmae,5353,5353,udp,dns,27.582072,17333,0,S0,T,T,0,D,54,18845,0,0,-,17,D-LinkSiren
Ckgg8ezMYkTrL7UHf,0,0,unknown_transport,-,-,-,-,OTH,T,T,0,-,1,40,0,0,-,2,D-LinkSiren
C7esoQ2aFqaEXE5cc9,42369,443,tcp,ssl,25.108442,587,3981,S1,T,F,0,ShADad,17,1287,17,4673,-,6,D-LinkSiren
CuIidQ3vqU5bjS4YM5,46385,123,udp,ntp,0.164458,48,48,SF,T,F,0,Dd,1,76,1,76,-,17,D-LinkSiren
CDZNBS2nZ0dMjxSEza,35863,123,udp,ntp,0.100054,48,48,SF,T,F,0,Dd,1,76,1,76,-,17,D-LinkSiren
Cf53abdXN3DI56lel,68,67,udp,dhcp,0.108645,630,0,S0,T,T,0,D,2,686,0,0,-,17,D-LinkSiren
C0K0Nd3gOUcxUYT988,0,0,unknown_transport,-,24.448805,0,0,OTH,T,T,0,-,9,360,0,0,-,2,D-LinkSiren
CFl5Xt16RE9rkprE,3073,53,udp,dns,0.008541,79,0,S0,T,T,0,Dc,2,135,0,0,-,17,WeMoSwitch2
Cn3ymc2yv7UE4PtC17,40091,443,tcp,-,3.002442,0,0,S0,T,F,0,S,3,180,0,0,-,6,WeMoSwitch2
CKU02Z3vGUaxn4I1E2,4469,8443,tcp,-,0.542193,0,0,SF,T,F,0,ShAFf,4,216,2,112,-,6,WeMoSwitch2
CDygzn1WuCBzP7dPEe,55988,443,tcp,-,3.015860,0,0,S0,T,F,0,S,3,180,0,0,-,6,WeMoSwitch2
CPJXsp3ICubRdF5dv5,4470,8443,tcp,ssl,3.652181,24011,2755,RSTO,T,F,0,ShADadfR,29,25527,27,4167,-,6,WeMoSwitch2
CrGqrN1BQxxxJiJbii,3079,53,udp,dns,0.020264,52,0,S0,T,T,0,Dc,2,108,0,0,-,17,WeMoSwitch2
Cpgg8w1OZyWA8DVdi1,60193,443,tcp,-,3.016262,0,0,S0,T,F,0,S,3,180,0,0,-,6,WeMoSwitch2
C6XGJS1WG0qRmQRuw9,40091,443,tcp,-,-,-,-,S0,T,F,0,S,1,60,0,0,-,6,WeMoSwitch2
CAKjy92Q42x4QQTPv8,47559,5228,tcp,-,3.007973,0,0,S0,T,F,0,S,3,180,0,0,-,6,WeMoSwitch2
CVRck9mWnRpg0iiB7,55988,443,tcp,-,-,-,-,S0,T,F,0,S,1,60,0,0,-,6,WeMoSwitch2
CKNt3M2eVbORus11na,60193,443,tcp,-,-,-,-,S0,T,F,0,S,1,60,0,0,-,6,WeMoSwitch2
CSmXd6C2YadgqYqlk,3075,53,udp,dns,11.378266,366,0,S0,T,T,0,Dcc,12,702,0,0,-,17,WeMoSwitch2
CvRKXQSxViFesWcH2,40091,443,tcp,-,-,-,-,S0,T,F,0,S,1,60,0,0,-,6,WeMoSwitch2
C0btJR2X0ZaFsdoNj7,47559,5228,tcp,-,-,-,-,S0,T,F,0,S,1,60,0,0,-,6,WeMoSwitch2
CpIV5B4MPMc0fUVhU7,55988,443,tcp,-,-,-,-,S0,T,F,0,S,1,60,0,0,-,6,WeMoSwitch2
CkLSZbQnKDCYPUf61,60193,443,tcp,-,-,-,-,S0,T,F,0,S,1,60,0,0,-,6,WeMoSwitch2
CVnmVZ2ehu0FTWYEZ2,3391,8899,tcp,http,0.467138,744,226,SF,T,F,0,ShADadFf,7,1116,5,494,-,6,WeMoSwitch2
CP3BcQ1Zqz5dvM8JDf,3079,53,udp,dns,-,-,-,S0,T,T,0,Dc,1,62,0,0,-,17,WeMoSwitch2
CqfBia3I6H5TFJW3zh,68,67,udp,dhcp,0.176046,2740,0,S0,T,T,0,D,5,2880,0,0,-,17,WeMoSwitch2
CYGX5FxfGYhwjUbYh,133,134,icmp,-,4.000012,16,0,OTH,T,F,0,-,2,112,0,0,-,58,WeMoSwitch2
CBGQaa4K7NbghyLKO,8,0,icmp,-,2.006750,228,228,OTH,T,T,0,-,3,312,3,312,-,1,WeMoSwitch2
Cai8jehrCPnVCz6c8,3084,1900,udp,-,0.140183,8628,0,S0,T,T,0,D,20,9188,0,0,-,17,WeMoSwitch2
Cm1q7S2r2TcqDEGS7g,3084,123,udp,ntp,0.011171,48,48,SF,T,F,0,Dd,1,76,1,76,-,17,WeMoSwitch2
CtjGEF3Z3bsAz3sfTg,3083,123,udp,ntp,0.014206,48,48,SF,T,F,0,Dd,1,76,1,76,-,17,WeMoSwitch2
CGc2mojVdIvW7tmli,3082,1900,udp,-,0.462975,8628,0,S0,T,T,0,D,20,9188,0,0,-,17,WeMoSwitch2
C9PysZ2Qohafv0SPt3,3082,123,udp,ntp,-,-,-,S0,T,F,0,D,1,76,0,0,-,17,WeMoSwitch2
CFT1fz2EhEyCgbTiTg,0,0,unknown_transport,-,2.731699,0,0,OTH,T,T,0,-,2,80,0,0,-,2,WeMoSwitch2
Ccajw84D2zHogO4wSi,3080,123,udp,ntp,0.014298,48,48,SF,T,F,0,Dd,1,76,1,76,-,17,WeMoSwitch2
CuhB9b3CdVBz1zNLLa,3079,123,udp,ntp,-,-,-,S0,T,F,0,D,1,76,0,0,-,17,WeMoSwitch2
CgPxIj2tPPbinyMfl4,3,13,icmp,-,-,-,-,OTH,F,T,0,-,1,56,0,0,-,1,WeMoSwitch2
CSQuL1G3VKF5che2c,3079,123,udp,ntp,0.011209,48,48,SF,T,F,0,Dd,1,76,1,76,-,17,WeMoSwitch2
CQuM3L3XhwHH08wiu1,3078,123,udp,ntp,0.014167,48,48,SF,T,F,0,Dd,1,76,1,76,-,17,WeMoSwitch2
Canlkp1IMignAw4DXf,3081,123,udp,ntp,0.013524,48,48,SF,T,F,0,Dd,1,76,1,76,-,17,WeMoSwitch2
CRQnEP1mMYf2t0HV6e,143,0,icmp,-,11.576184,100,0,OTH,T,F,0,-,3,268,0,0,-,58,WeMoSwitch2
ClXDPT6uk57BZuuga,3077,123,udp,ntp,-,-,-,S0,T,F,0,D,1,76,0,0,-,17,WeMoSwitch2
Ctv2S717vqvwzycvXe,3133,80,tcp,-,0.005761,0,0,SF,T,F,0,ShAFf,4,216,2,112,-,6,EdimaxPlug2101W
C0Dur53ByaUsxYTlka,3072,53,udp,dns,-,-,-,S0,T,T,0,Dc,1,60,0,0,-,17,EdimaxPlug2101W
CohwCA2x1bxCw5954,10000,60239,tcp,-,4.896068,0,0,SH,T,T,0,F,3,156,0,0,-,6,EdimaxPlug2101W
CEv6Ei42n2f2a7ah5h,3134,80,tcp,-,0.006846,0,0,SF,T,F,0,ShAFf,4,216,2,112,-,6,EdimaxPlug2101W
C0GWMg12kObp7gDoCf,10000,60239,tcp,-,-,-,-,SH,T,T,0,F,1,52,0,0,-,6,EdimaxPlug2101W
CCrqPVbGrn5LJ7sfj,3072,53,udp,dns,0.613436,96,0,S0,T,T,0,Dc,3,180,0,0,-,17,EdimaxPlug2101W
CDliKr1IW7nlca3taj,4135,8767,tcp,-,0.338573,475,231,SF,T,F,0,ShADadfF,6,795,6,551,-,6,EdimaxPlug2101W
CkQYAK2WxzHks6Dch2,10000,60239,tcp,-,-,-,-,SH,T,T,0,F,1,52,0,0,-,6,EdimaxPlug2101W
CWjZRv43VElUzrUPK1,27937,27937,udp,-,0.208371,174,0,S0,T,T,0,D,3,258,0,0,-,17,EdimaxPlug2101W
CQfCFM11vn6gHCdvo2,15114,8765,udp,-,20.267357,361,85,SF,T,F,0,Dd,2,417,1,113,-,17,EdimaxPlug2101W
CSvveh2pbkWieiJaYc,3072,123,udp,ntp,0.040769,48,48,SF,T,F,0,Dd,1,76,1,76,-,17,EdimaxPlug2101W
CDuHl53HBPYyqsKINe,27937,8765,udp,-,1.827124,2288,707,SF,T,F,0,Dd,7,2484,2,763,-,17,EdimaxPlug2101W
Cix7gKzrVV03rQ6Ef,15114,15114,udp,-,0.221337,174,0,S0,T,T,0,D,3,258,0,0,-,17,EdimaxPlug2101W
CDs4bA1Y0rJVrRltP4,68,67,udp,dhcp,0.024006,1096,0,S0,T,T,0,D,2,1152,0,0,-,17,EdimaxPlug2101W
ClAyfw4NSVKSIR7nfa,48847,80,tcp,http,0.307800,2694,5559,SF,T,F,0,ShADadFf,13,3378,14,6295,-,6,HueBridge
ClOuXB2uo8ruYfmGTl,48848,80,tcp,http,0.064224,1194,855,SF,T,F,0,ShADadfF,5,1462,5,1123,-,6,HueBridge
Cv0aAfxmaLRDl4pOc,48849,80,tcp,http,0.050233,1210,983,SF,T,F,0,ShADadfF,5,1478,5,1251,-,6,HueBridge
C2LVz14hGD0xZwkkGg,36845,80,tcp,http,0.091164,1718,871,SF,T,F,0,ShADadfF,6,2038,6,1191,-,6,HueBridge
CPkQki3XuYjPKHWX7d,38445,53,udp,dns,-,-,-,S0,T,T,0,Dc,1,74,0,0,-,17,HueBridge
ChYVNV2aVTzQTaRE2d,36846,80,tcp,http,0.086208,1622,871,SF,T,F,0,ShADadfF,6,1942,6,1191,-,6,HueBridge
CHSonF57aBeQJwJV3,5353,5353,udp,dns,2.761876,2580,0,S0,T,T,0,D,6,2748,0,0,-,17,HueBridge
CDCwAR1uMhXc2DjS5a,5353,5353,udp,dns,2.761698,2580,0,S0,T,F,0,D,6,2868,0,0,-,17,HueBridge
CYAHEwVK1GSUxHZ29,58102,53,udp,dns,-,-,-,S0,T,T,0,Dc,1,74,0,0,-,17,HueBridge
CEqkrj4gL2DDAs7yyh,42026,53,udp,dns,-,-,-,S0,T,T,0,Dc,1,74,0,0,-,17,HueBridge
CM8uYa1PIu4pCgV9Pd,42617,53,udp,dns,-,-,-,S0,T,T,0,Dc,1,65,0,0,-,17,HueBridge
CgXVxl1j1FB3LeBRO3,33458,53,udp,dns,-,-,-,S0,T,T,0,Dc,1,68,0,0,-,17,HueBridge
CAOm5933Efcy3vcln7,59337,53,udp,dns,-,-,-,S0,T,T,0,Dc,1,68,0,0,-,17,HueBridge
C9Tp5U1XhhxyuZ31Ae,37271,53,udp,dns,0.002001,80,0,S0,T,T,0,Dc,2,136,0,0,-,17,HueBridge
CFEPXn2SDrTot67v7c,38783,53,udp,dns,-,-,-,S0,T,T,0,Dc,1,68,0,0,-,17,HueBridge
CZ8mK8eW50OLWae7h,43121,53,udp,dns,-,-,-,S0,T,T,0,Dc,1,68,0,0,-,17,HueBridge
CtFjf7DOz2FasnLz7,43712,53,udp,dns,-,-,-,S0,T,T,0,Dc,1,68,0,0,-,17,HueBridge
C019ic1cjXnC4y8eD5,49186,53,udp,dns,-,-,-,S0,T,T,0,Dc,1,68,0,0,-,17,HueBridge
CiUwgjwDIU8oYsB8j,56211,53,udp,dns,-,-,-,S0,T,T,0,Dc,1,65,0,0,-,17,HueBridge
CxMO9d4Or1qjPlucJh,38435,80,tcp,http,0.014325,194,491,SF,T,T,0,ShADadfF,5,462,5,759,-,6,HueBridge
CB31oP34FDac3AKmY1,39665,80,tcp,http,0.012847,269,499,SF,T,T,0,ShADadfF,5,537,5,767,-,6,HueBridge
CR9eVqAWeP1QFK9w7,59660,80,tcp,http,0.011109,269,499,SF,T,T,0,ShADadftF,6,601,6,1301,-,6,HueBridge
CxjyTdal9IdlRRaC6,58629,80,tcp,http,0.011165,269,499,SF,T,T,0,ShADadfF,5,537,5,767,-,6,HueBridge
Cq0X4d2DWaV1NMpr3c,40608,80,tcp,http,0.046552,792,254,SF,T,F,0,ShADadfF,6,1112,6,574,-,6,HueBridge
CfRxmfVMvoKQKHcKb,36848,80,tcp,http,0.089323,1638,871,SF,T,F,0,ShADadfF,6,1958,6,1191,-,6,HueBridge
CqnhK6KbdP9ul1vDb,56386,80,tcp,http,0.022943,269,482,SF,T,T,0,ShADadfF,6,589,6,802,-,6,HueBridge
CDnaU41eQMrgAJJk6g,33193,80,tcp,http,0.017942,194,1595,SF,T,T,0,ShADadfF,9,670,8,2019,-,6,HueBridge
CeNjHC1oUHwoUgtUj9,36470,80,tcp,http,0.012877,194,1595,SF,T,T,0,ShADadfF,8,618,8,2019,-,6,HueBridge
C6cSlg41A9bQJYonHg,46738,80,tcp,http,0.016086,298,471,SF,T,T,0,ShADadfF,7,670,7,843,-,6,HueBridge
CQlsIQ1dZa5HfmoUE5,40610,80,tcp,http,0.040325,792,254,SF,T,F,0,ShADadfF,6,1112,7,626,-,6,HueBridge
COtUI5463D9GSwKCO8,42923,80,tcp,http,0.008181,271,474,SF,T,T,0,ShADadfF,5,539,5,742,-,6,HueBridge
C4XKgn4VqJZd0vYp4c,51737,80,tcp,http,0.009541,205,443,SF,T,T,0,ShADadfF,5,473,5,711,-,6,HueBridge
CDBuFJKKOIOPMKRw3,40611,80,tcp,http,0.046565,792,254,SF,T,F,0,ShADadfF,6,1112,6,574,-,6,HueBridge
Cl57mLY4177Xw0Zmh,33368,53,udp,dns,-,-,-,S0,T,T,0,Dc,1,64,0,0,-,17,HueBridge
C4XwDi1BQU3cgPZeu3,40593,53,udp,dns,-,-,-,S0,T,T,0,Dc,1,65,0,0,-,17,HueBridge
CRtqJ1U5D4rIpMM4k,58590,80,tcp,http,0.018820,205,443,SF,T,T,0,ShADadfF,5,473,5,711,-,6,HueBridge
CF6ljhkc322ubU8Ti,40612,80,tcp,http,0.057181,792,255,SF,T,F,0,ShADadfF,6,1112,6,575,-,6,HueBridge
CzdH5h2XL5fwTgCah8,44044,53,udp,dns,-,-,-,S0,T,T,0,Dc,1,64,0,0,-,17,HueBridge
CrfHA21i5YAM3sXVya,55983,80,tcp,http,0.013763,205,443,SF,T,T,0,ShADadfF,5,473,5,711,-,6,HueBridge
Crom0s1kfHt7Zp7Jil,40613,80,tcp,http,0.038736,792,254,SF,T,F,0,ShADadfF,6,1112,6,574,-,6,HueBridge
C10ngb4fDTRSJX2zVd,54285,53,udp,dns,-,-,-,S0,T,T,0,Dc,1,64,0,0,-,17,HueBridge
Ccid9r4zAY3nIcAe99,34120,80,tcp,http,0.017557,205,443,SF,T,T,0,ShADadftF,6,537,6,1189,-,6,HueBridge
Cy7szT10Q8Bfq4Q5wd,40614,80,tcp,http,0.043838,792,254,SF,T,F,0,ShADadfF,6,1112,6,574,-,6,HueBridge
CXolhpFpil4GNQSN6,47445,53,udp,dns,-,-,-,S0,T,T,0,Dc,1,64,0,0,-,17,HueBridge
CeJOdp19tpeJRROEq9,45717,80,tcp,http,0.018419,205,443,SF,T,T,0,ShADadftF,6,537,6,1189,-,6,HueBridge
CBmVe33JqfrpN4kzb4,43735,80,tcp,http,0.015226,194,1619,SF,T,T,0,ShADadfF,7,566,6,1939,-,6,HueBridge
CnEsW81x8nni7Cfk1f,40615,80,tcp,http,0.038778,792,254,SF,T,F,0,ShADadfF,6,1112,6,574,-,6,HueBridge
CbHOID2VH9CXgFntkl,38839,53,udp,dns,-,-,-,S0,T,T,0,Dc,1,64,0,0,-,17,HueBridge
C4uQrd1IETh3SCHR0i,47652,80,tcp,http,0.016031,205,443,SF,T,T,0,ShADadfF,5,473,5,711,-,6,HueBridge
CfNF24nymmQ0DEOKa,40616,80,tcp,http,0.038692,792,254,SF,T,F,0,ShADadfF,6,1112,6,574,-,6,HueBridge
CatBKD2F0X0Dv222lg,52379,80,tcp,http,0.019196,205,443,SF,T,T,0,ShADadfF,5,473,5,711,-,6,HueBridge
CK5Glm2Nn9saEEVA3f,60077,53,udp,dns,-,-,-,S0,T,T,0,Dc,1,64,0,0,-,17,HueBridge
CCTvf791hc3EeDyb5,40617,80,tcp,http,0.040600,792,254,SF,T,F,0,ShADadfF,6,1112,6,574,-,6,HueBridge
CWEbzk2Ot5aRoEhNg7,36329,80,tcp,http,0.019187,205,443,SF,T,T,0,ShADadfF,5,473,5,711,-,6,HueBridge
CF6OiF4pkZTZTw9dR4,36226,53,udp,dns,-,-,-,S0,T,T,0,Dc,1,64,0,0,-,17,HueBridge
CibHLd2vSBUnE3ZHRi,40618,80,tcp,http,0.038922,792,254,SF,T,F,0,ShADadfF,6,1112,6,574,-,6,HueBridge
CyUdhv3SisvjafmJI5,56463,80,tcp,http,0.017237,205,443,SF,T,T,0,ShADadfF,5,473,5,711,-,6,HueBridge
CSIbBk2RONdeoaYBM5,39374,53,udp,dns,-,-,-,S0,T,T,0,Dc,1,64,0,0,-,17,HueBridge
C7npLAdTK2NFaMq6e,40619,80,tcp,http,0.043444,792,254,SF,T,F,0,ShADadfF,6,1112,6,574,-,6,HueBridge
CIQxpz3IitAgTtverd,41169,80,tcp,http,0.022720,194,1619,SF,T,T,0,ShADadfF,8,618,7,1991,-,6,HueBridge
CD2i8u2qhxoITV8uha,39308,80,tcp,http,0.010894,205,443,SF,T,T,0,ShADadfF,5,473,5,711,-,6,HueBridge
C78Nhl1fyADTmCWHw5,42829,53,udp,dns,-,-,-,S0,T,T,0,Dc,1,64,0,0,-,17,HueBridge
CR6GA43i2yXJ2rnQL6,40620,80,tcp,http,0.238626,792,254,SF,T,F,0,ShADadfF,6,1112,5,522,-,6,HueBridge
CDi8sd2V0Sq3mWx96h,45681,80,tcp,http,0.016229,205,443,SF,T,T,0,ShADadfF,5,473,5,711,-,6,HueBridge
C8ctbIrLAufedpY5g,53480,53,udp,dns,-,-,-,S0,T,T,0,Dc,1,64,0,0,-,17,HueBridge
CgpIs035lV52079jc8,40621,80,tcp,http,0.043732,792,254,SF,T,F,0,ShADadfF,6,1112,5,522,-,6,HueBridge
C7doI5JHR3uaUa5gd,45125,80,tcp,http,0.016403,205,443,SF,T,T,0,ShADadfF,5,473,5,711,-,6,HueBridge
Cp3uTwLr0XKOdLZRc,35331,53,udp,dns,-,-,-,S0,T,T,0,Dc,1,64,0,0,-,17,HueBridge
CWHWd63brKL2SemLK3,40622,80,tcp,http,0.053268,792,255,SF,T,F,0,ShADadfF,6,1112,6,575,-,6,HueBridge
Ckqep64qqW7Ltkkqyg,34405,80,tcp,http,0.020368,205,443,SF,T,T,0,ShADadftF,6,537,6,1189,-,6,HueBridge
C2mwrX4EDZ0XASprc,39133,53,udp,dns,-,-,-,S0,T,T,0,Dc,1,64,0,0,-,17,HueBridge
CP6chD1s2WOwcJNngj,40623,80,tcp,http,0.041545,792,254,SF,T,F,0,ShADadfF,6,1112,6,574,-,6,HueBridge
C92fEgrhJIpikai6h,36930,80,tcp,http,0.021120,205,443,SF,T,T,0,ShADadfF,5,473,5,711,-,6,HueBridge
C4th4CeeQIrDqnO4k,53031,53,udp,dns,-,-,-,S0,T,T,0,Dc,1,64,0,0,-,17,HueBridge
C1JpkV1dJicDwa6l47,36863,80,tcp,http,0.081252,1638,871,SF,T,F,0,ShADadfF,6,1958,6,1191,-,6,HueBridge
CdFUmq1Aw0H1YTe46k,40625,80,tcp,http,0.038643,792,254,SF,T,F,0,ShADadfF,6,1112,6,574,-,6,HueBridge
CLFfyZ17vu4zF7pysk,52797,80,tcp,http,0.022879,194,1620,SF,T,T,0,ShADadfF,7,566,6,1940,-,6,HueBridge
C4n9xf1eoLfySMugga,53609,80,tcp,http,0.018280,205,443,SF,T,T,0,ShADadfF,5,473,5,711,-,6,HueBridge
CkWwjU2silPHg4HLgh,47474,53,udp,dns,-,-,-,S0,T,T,0,Dc,1,64,0,0,-,17,HueBridge
CnkNBZ3xNnjl127dMk,68,67,udp,dhcp,0.001090,746,0,S0,T,T,0,D,2,802,0,0,-,17,HueBridge
CU5IvLdJpkQYQFgs9,68,67,udp,-,-,-,-,OTH,T,T,0,^c,0,0,0,0,-,17,HueBridge
CDxS7i24eHH7irofYb,5,1,icmp,-,-,-,-,OTH,T,T,0,-,1,365,0,0,-,1,HueBridge
CsJPqo1vKbtoTgxKX1,143,0,icmp,-,0.110036,80,0,OTH,T,F,0,-,2,192,0,0,-,58,HueBridge
CBvANg3Ueie8IbHAQg,40626,80,tcp,http,0.038975,792,254,SF,T,F,0,ShADadfF,6,1112,6,574,-,6,HueBridge
CAOBHl3Do31i032THk,51975,80,tcp,http,0.016983,205,443,SF,T,T,0,ShADadftF,6,537,6,1189,-,6,HueBridge
CpFbne8XuoTgN7Xa4,135,136,icmp,-,-,-,-,OTH,T,F,0,-,1,64,0,0,-,58,HueBridge
CfUdEI1zsUr8elkJil,39360,53,udp,dns,-,-,-,S0,T,T,0,Dc,1,64,0,0,-,17,HueBridge
C6MfL14uZRzvDte6a4,143,0,icmp,-,1.619807,340,0,OTH,T,F,0,-,7,732,0,0,-,58,HueBridge
Cr21s73Pc3rCzJ25t6,40627,80,tcp,http,0.038105,792,254,SF,T,F,0,ShADadfF,6,1112,6,574,-,6,HueBridge
Cig6sa4GGHupTXE4H1,60966,53,udp,dns,-,-,-,S0,T,T,0,Dc,1,65,0,0,-,17,HueBridge
C6piIT1DlpO5j6neu2,3,1,icmp,-,0.000001,665,0,OTH,T,T,0,-,2,721,0,0,-,1,HueBridge
CipinVq0Fs9LRYuha,57249,80,tcp,http,0.019961,205,443,SF,T,T,0,ShADadfF,5,473,5,711,-,6,HueBridge
Ckvfka4Z6f5b1Texad,51340,53,udp,dns,-,-,-,S0,T,T,0,Dc,1,64,0,0,-,17,HueBridge
CDEQ1e4W6gFEzqCWD2,0,0,unknown_transport,-,3.779909,0,0,OTH,T,T,0,-,6,240,0,0,-,2,HueBridge
CLuaFX1RaZILiJmv29,40628,80,tcp,http,0.038571,792,254,SF,T,F,0,ShADadfF,6,1112,6,574,-,6,HueBridge
CN6Iua1ccD0OG7ueDi,39147,80,tcp,http,0.013530,205,443,SF,T,T,0,ShADadfF,5,473,5,711,-,6,HueBridge
CUi8EIWrjj9qKr8P8,54855,53,udp,dns,-,-,-,S0,T,T,0,Dc,1,64,0,0,-,17,HueBridge
CiR8E03CyMr3npDaT7,59723,123,udp,ntp,0.006505,48,48,SF,T,F,0,Dd,1,76,1,76,-,17,HueBridge
CetXSr1BlrGCtSJ413,57737,123,udp,ntp,0.006745,48,48,SF,T,F,0,Dd,1,76,1,76,-,17,HueBridge
ClFcE3dryoEiH5fYi,58670,123,udp,ntp,0.013793,48,48,SF,T,F,0,Dd,1,76,1,76,-,17,HueBridge
CsWeVk1TP5yClsbgg9,34869,123,udp,ntp,0.193608,48,48,SF,T,F,0,Dd,1,76,1,76,-,17,HueBridge
CImPN52okVbEal7WCe,40629,80,tcp,http,0.041284,792,254,SF,T,F,0,ShADadfF,6,1112,6,574,-,6,HueBridge
ChOvRs31wCMlgXOVU,59988,80,tcp,http,0.012080,205,443,SF,T,T,0,ShADadfF,5,473,5,711,-,6,HueBridge
CEANwCPIupzdKPipd,39572,53,udp,dns,-,-,-,S0,T,T,0,Dc,1,64,0,0,-,17,HueBridge
C7oYit4fmp4FaTeXy,51107,123,udp,ntp,0.006597,48,48,SF,T,F,0,Dd,1,76,1,76,-,17,HueBridge
C17DrAbOqmtO460tf,36727,123,udp,ntp,0.006434,48,48,SF,T,F,0,Dd,1,76,1,76,-,17,HueBridge
CueS483HPt5UWRCmHd,42826,123,udp,ntp,0.193648,48,48,SF,T,F,0,Dd,1,76,1,76,-,17,HueBridge
CDoH0Y26hL5YqgHDba,38457,123,udp,ntp,0.006896,48,48,SF,T,F,0,Dd,1,76,1,76,-,17,HueBridge
CTpxe3528aL1MOiu1,49279,123,udp,ntp,0.013408,48,48,SF,T,F,0,Dd,1,76,1,76,-,17,HueBridge
CLGe3B2GDpIDnjwy4,40630,80,tcp,http,0.038451,792,254,SF,T,F,0,ShADadfF,6,1112,6,574,-,6,HueBridge
CF7EOhsDUyENOvtrb,54015,80,tcp,http,0.021977,194,1620,SF,T,T,0,ShADadfF,6,514,6,1940,-,6,HueBridge
CfcxXY1TQwfnVNreR9,33774,80,tcp,http,0.018224,205,443,SF,T,T,0,ShADadfF,5,473,5,711,-,6,HueBridge
CMYz6otgEyZkU5Oza,55333,53,udp,dns,-,-,-,S0,T,T,0,Dc,1,64,0,0,-,17,HueBridge
ChjYIM1gYBECiJAVc7,40631,80,tcp,http,0.037749,792,254,SF,T,F,0,ShADadfF,6,1112,6,574,-,6,HueBridge
C5MDI51Hb56I8quE83,38251,123,udp,ntp,0.006300,48,48,SF,T,F,0,Dd,1,76,1,76,-,17,HueBridge
CzGj101mmuPOyAUTrh,38911,123,udp,ntp,0.193700,48,48,SF,T,F,0,Dd,1,76,1,76,-,17,HueBridge
Cplvb63OxoFz4WCAzj,47855,123,udp,ntp,0.006630,48,48,SF,T,F,0,Dd,1,76,1,76,-,17,HueBridge
CpAzMn2weGldRHSugh,40175,123,udp,ntp,0.014722,48,48,SF,T,F,0,Dd,1,76,1,76,-,17,HueBridge
CfJXHY2z4VImrYcsQ6,36192,80,tcp,http,0.021172,205,443,SF,T,T,0,ShADadfF,5,473,5,711,-,6,HueBridge
CXeZQJ1d450F0M5076,51590,53,udp,dns,-,-,-,S0,T,T,0,Dc,1,64,0,0,-,17,HueBridge
CVxvgBV6uVev22tEj,56148,123,udp,ntp,0.006321,48,48,SF,T,F,0,Dd,1,76,1,76,-,17,HueBridge
CjBOaR3MbLvKdFbqf,49880,123,udp,ntp,0.193502,48,48,SF,T,F,0,Dd,1,76,1,76,-,17,HueBridge
C7kIaW2ZpQNEzlzCj8,46160,123,udp,ntp,0.006591,48,48,SF,T,F,0,Dd,1,76,1,76,-,17,HueBridge
CZXNM5WzF2ncYehu6,40632,80,tcp,http,0.039633,792,254,SF,T,F,0,ShADadfF,6,1112,7,626,-,6,HueBridge
CTdUfwulGisNa9Gal,41763,123,udp,ntp,0.013721,48,48,SF,T,F,0,Dd,1,76,1,76,-,17,HueBridge
CXlmG84NNKcCqSCKFh,58618,80,tcp,http,0.024624,205,489,SF,T,T,0,ShADadfF,5,473,5,757,-,6,HueBridge
CFcvKh30LsRlX9UVa6,36744,53,udp,dns,-,-,-,S0,T,T,0,Dc,1,64,0,0,-,17,HueBridge
C1yhlA4ruHYqf5WL41,40633,80,tcp,http,0.248248,792,254,SF,T,F,0,ShADadFf,7,1164,6,574,-,6,HueBridge
C74QadNNpNvKcnCj7,35847,53,udp,dns,-,-,-,S0,T,T,0,Dc,1,64,0,0,-,17,HueBridge
CLDZAk4aIoZDKYbSEd,40634,80,tcp,http,0.047249,792,254,SF,T,F,0,ShADadfF,6,1112,6,574,-,6,HueBridge
CExoMZ2aw97lL1kHPl,58168,53,udp,dns,-,-,-,S0,T,T,0,Dc,1,64,0,0,-,17,HueBridge
CU7kr73OL50VSzLXv3,48270,80,tcp,http,0.036882,194,1974,SF,T,T,0,ShADadfF,6,514,6,2294,-,6,HueBridge
CFNdLZ3SHpOsx8HJcj,40635,80,tcp,http,0.043353,792,254,SF,T,F,0,ShADadfF,6,1112,6,574,-,6,HueBridge
CCh8jOwoz1riyL10i,58820,53,udp,dns,-,-,-,S0,T,T,0,Dc,1,64,0,0,-,17,HueBridge
CHtwWAKAx0K2zYJWh,40636,80,tcp,http,0.039810,792,254,SF,T,F,0,ShADadfF,6,1112,6,574,-,6,HueBridge
Ci1wLb4gqJIOcnb385,42078,53,udp,dns,-,-,-,S0,T,T,0,Dc,1,64,0,0,-,17,HueBridge
CqkRpw2PFE7JCXTotj,40637,80,tcp,http,0.042266,792,254,SF,T,F,0,ShADadfF,6,1112,6,574,-,6,HueBridge
CXyiRH2EfBINp4vWw2,38186,53,udp,dns,-,-,-,S0,T,T,0,Dc,1,64,0,0,-,17,HueBridge
C7UcfI3e4hL3nQ3rH3,40638,80,tcp,http,0.054790,792,255,SF,T,F,0,ShADadfF,6,1112,6,575,-,6,HueBridge
CTJRjf1lLEgvmqT4D1,52007,53,udp,dns,-,-,-,S0,T,T,0,Dc,1,64,0,0,-,17,HueBridge
CrJ8oa4YwZxmZzjuhe,5353,5353,udp,dns,5.012132,1404,0,S0,T,T,0,D,6,1572,0,0,-,17,HueBridge
CtPQpO1VcaU61N1UT7,5353,5353,udp,dns,5.011931,1404,0,S0,T,F,0,D,6,1692,0,0,-,17,HueBridge
CtN82x1GBvaSCScv4g,40639,80,tcp,http,0.196427,792,255,SF,T,F,0,ShADadFf,7,1164,6,575,-,6,HueBridge
CO8wax1bb6XOKUM1je,36562,53,udp,dns,-,-,-,S0,T,T,0,Dc,1,64,0,0,-,17,HueBridge
ChQNhr3OPbrO0R05Sk,57940,80,tcp,http,0.043121,194,1974,SF,T,T,0,ShADadftF,7,578,7,3011,-,6,HueBridge
CXDVE5362A8alhVb6a,40640,80,tcp,http,0.045363,792,254,SF,T,F,0,ShADadfF,6,1112,6,574,-,6,HueBridge
ColnhQ3o6HMU4qHtP3,55280,53,udp,dns,-,-,-,S0,T,T,0,Dc,1,64,0,0,-,17,HueBridge
CWfolA34aqDQp7iXp2,40641,80,tcp,http,0.039871,792,254,SF,T,F,0,ShADadfF,6,1112,6,574,-,6,HueBridge
CNGLPN1rxYXUw97HF8,50010,53,udp,dns,-,-,-,S0,T,T,0,Dc,1,64,0,0,-,17,HueBridge
C57qus3uIS5PQvxuU6,40642,80,tcp,http,0.053159,792,255,SF,T,F,0,ShADadfF,6,1112,6,575,-,6,HueBridge
CrC9IL3TKbN1Meeyh7,50330,53,udp,dns,-,-,-,S0,T,T,0,Dc,1,64,0,0,-,17,HueBridge
CB2A5a4qCOHDaPaBe3,40643,80,tcp,http,0.038156,792,254,SF,T,F,0,ShADadfF,6,1112,6,574,-,6,HueBridge
CihV7G40CgPUe9o5xf,40619,53,udp,dns,-,-,-,S0,T,T,0,Dc,1,64,0,0,-,17,HueBridge
CIwxrm2YEQVl4L1l89,40644,80,tcp,http,0.040538,792,254,SF,T,F,0,ShADadfF,6,1112,6,574,-,6,HueBridge
CHHTcX1M7W56wABDL1,57471,53,udp,dns,-,-,-,S0,T,T,0,Dc,1,64,0,0,-,17,HueBridge
Ci1Cb04Nbs9uDaEXf,56481,80,tcp,http,0.042121,194,1974,SF,T,T,0,ShADadftF,7,578,7,3011,-,6,HueBridge
CvXWbB136yCzpnUtk9,40645,80,tcp,http,0.037275,792,254,SF,T,F,0,ShADadfF,6,1112,6,574,-,6,HueBridge
CcQnm14wcE2u8tBQ7,59899,53,udp,dns,-,-,-,S0,T,T,0,Dc,1,64,0,0,-,17,HueBridge
CMBtBy3RqNbZXC0mmj,40646,80,tcp,http,0.038346,792,254,SF,T,F,0,ShADadfF,6,1112,6,574,-,6,HueBridge
CnjeW82Fqck4M5gNtg,36873,53,udp,dns,-,-,-,S0,T,T,0,Dc,1,64,0,0,-,17,HueBridge
Cjve2v4xzCm7QAQ3Fg,40647,80,tcp,http,0.047830,792,254,SF,T,F,0,ShADadfF,6,1112,6,574,-,6,HueBridge
CMuafM1lCcO1PpOsei,43460,123,udp,ntp,0.193799,48,48,SF,T,F,0,Dd,1,76,1,76,-,17,HueBridge
C3DoEH1WRWsd4AzWz9,36701,53,udp,dns,-,-,-,S0,T,T,0,Dc,1,64,0,0,-,17,HueBridge
CzIG9G4QbZlIkMODrh,38091,123,udp,ntp,0.006273,48,48,SF,T,F,0,Dd,1,76,1,76,-,17,HueBridge
Cvfl7K3Ttbzg2sXBlc,34148,123,udp,ntp,0.006693,48,48,SF,T,F,0,Dd,1,76,1,76,-,17,HueBridge
CNVZDY1Fr7mNJbqMkh,40648,80,tcp,http,0.038918,792,254,SF,T,F,0,ShADadfF,6,1112,6,574,-,6,HueBridge
CAqrsx251LmXrfp1r1,45592,123,udp,ntp,0.014157,48,48,SF,T,F,0,Dd,1,76,1,76,-,17,HueBridge
CTWLys4o4aRgy4rYic,53996,53,udp,dns,-,-,-,S0,T,T,0,Dc,1,64,0,0,-,17,HueBridge
ChVoJyaSjmnjlw5gk,40649,80,tcp,http,0.040373,792,254,SF,T,F,0,ShADadfF,6,1112,6,574,-,6,HueBridge
Chuf0Nb1P3rCql3M9,48174,53,udp,dns,-,-,-,S0,T,T,0,Dc,1,64,0,0,-,17,HueBridge
CxQb5z3M7x6KdZlNs5,42952,80,tcp,http,0.045909,194,1974,SF,T,T,0,ShADadftF,7,578,7,3253,-,6,HueBridge
CwWq9O1t5zgs8TS8Q3,40650,80,tcp,http,0.046492,792,255,SF,T,F,0,ShADadfF,6,1112,6,575,-,6,HueBridge
C0HLl14wjDCkfQz6Dh,53787,53,udp,dns,-,-,-,S0,T,T,0,Dc,1,64,0,0,-,17,HueBridge
C3fbmDmyvFVfTnmm9,47173,53,udp,dns,-,-,-,S0,T,T,0,Dc,1,64,0,0,-,17,HueBridge
CKvsIn1ht2JnWtn8be,55191,53,udp,dns,-,-,-,S0,T,T,0,Dc,1,64,0,0,-,17,HueBridge
ChUaWJxuGoehu00Mh,60582,53,udp,dns,-,-,-,S0,T,T,0,Dc,1,64,0,0,-,17,HueBridge
CfAaU22lX591BCuum3,54709,53,udp,dns,-,-,-,S0,T,T,0,Dc,1,64,0,0,-,17,HueBridge
CT1dz9uOWq92nhorf,53128,123,udp,ntp,0.193365,48,48,SF,T,F,0,Dd,1,76,1,76,-,17,HueBridge
ClhdY83zziQciMAil6,40652,80,tcp,http,0.050163,792,255,SF,T,F,0,ShADadFf,7,1164,6,575,-,6,HueBridge
C1rVLH1rdm6q5P4gDa,40651,80,tcp,http,0.053536,792,255,SF,T,F,0,ShADadfF,6,1112,6,575,-,6,HueBridge
CdSbel4XYfCiSqeQEl,54676,123,udp,ntp,0.013619,48,48,SF,T,F,0,Dd,1,76,1,76,-,17,HueBridge
CrTYo82s2XEr7Fh0qa,45124,123,udp,ntp,0.006438,48,48,SF,T,F,0,Dd,1,76,1,76,-,17,HueBridge
CKg5Hj4Gkdi3bVomO8,46281,123,udp,ntp,0.006801,48,48,SF,T,F,0,Dd,1,76,1,76,-,17,HueBridge
Csa6GU1hsNoraAqsf,56376,123,udp,ntp,0.193473,48,48,SF,T,F,0,Dd,1,76,1,76,-,17,HueBridge
CQgq834jSBMi4BRP17,1900,1900,udp,-,103.150489,5580,0,S0,T,T,0,D,18,6084,0,0,-,17,HueBridge
