uid,fuid,id.orig_p,id.resp_p,source,depth,analyzers,mime_type,filename,duration,local_orig,is_orig,seen_bytes,total_bytes,missing_bytes,overflow_bytes,timedout,parent_fuid,md5,sha1,sha256,extracted,extracted_cutoff,extracted_size,device
CmYlov1xslHMfARf2i,FeH2P93sF0VLojbCS3,41909,80,HTTP,0,(empty),text/json,-,0.0,T,F,464,-,0,0,F,-,-,-,-,-,-,-,HueSwitch
CcIPlxHo2GLxqOO01,FRklUC2v4QzjqSVT7i,43760,80,HTTP,0,(empty),text/json,-,0.0,T,F,464,-,0,0,F,-,-,-,-,-,-,-,HueSwitch
CtoDXz3b4PKLIW3qTb,FCCjY44IxJK8ymHYlc,39931,80,HTTP,0,(empty),text/json,-,0.0,T,F,464,-,0,0,F,-,-,-,-,-,-,-,HueSwitch
CikKtp4hvgsl7tUL1,F6MMhO3GgFOfSH84Qk,44465,80,HTTP,0,(empty),text/json,-,0.0,T,F,464,-,0,0,F,-,-,-,-,-,-,-,HueSwitch
CI66wu2UB9f2oQtlt3,FFUzui3Oujq1iUrWDc,42276,80,HTTP,0,(empty),text/json,-,0.0,T,F,464,-,0,0,F,-,-,-,-,-,-,-,HueSwitch
CmfcWw43MScsJAvkrb,FEHXLM1OloY6F9s4v6,57570,80,HTTP,0,(empty),text/json,-,0.0,T,F,464,-,0,0,F,-,-,-,-,-,-,-,HueSwitch
ChL4xqkc5IU6XUbM8,FKA3es3AMNlBle4JT8,34966,80,HTTP,0,(empty),text/json,-,0.0,T,F,464,-,0,0,F,-,-,-,-,-,-,-,HueSwitch
CBDLcG4NW8zylXkHNc,FJke4D3dwzBhgpzv4g,41425,80,HTTP,0,(empty),text/json,-,0.0,T,F,464,-,0,0,F,-,-,-,-,-,-,-,HueSwitch
CzDOhI28a7Ja7ccgCj,FtPI8I12OnpdBfBOs9,58703,80,HTTP,0,(empty),text/json,-,0.010498,T,F,4127,-,0,0,F,-,-,-,-,-,-,-,HueSwitch
CceuI38waGw8udKYf,FXEVJQYQ1lLYcY04,57649,80,HTTP,0,(empty),text/json,-,0.0,T,F,464,-,0,0,F,-,-,-,-,-,-,-,HueSwitch
CbdRpb4fz6ut2E0keg,FFTiYF4KAWHjtPpdQ1,43753,80,HTTP,0,(empty),text/json,-,0.0,T,F,464,-,0,0,F,-,-,-,-,-,-,-,HueSwitch
CAmhnK2W3IoEPWdB84,FITDYMXtLD3TqZrF2,49029,80,HTTP,0,(empty),text/json,-,0.0,T,F,464,-,0,0,F,-,-,-,-,-,-,-,HueSwitch
C7Gv7S36M8rn8eem23,FRow063rJQFshUXktb,60585,80,HTTP,0,(empty),text/json,-,0.0,T,F,464,-,0,0,F,-,-,-,-,-,-,-,HueSwitch
Coc3dm3CKUigu8wmI2,FzI8Dq2mgnnCOWvm1,49725,80,HTTP,0,(empty),text/json,-,0.0,T,F,464,-,0,0,F,-,-,-,-,-,-,-,HueSwitch
CFBUTAAEAS1hJ0Pkc,FgjX9q2arzYhla35vk,57347,80,HTTP,0,(empty),text/json,-,0.0,T,F,464,-,0,0,F,-,-,-,-,-,-,-,HueSwitch
Ch5KKZ1KDIrdQBFzoe,FIW7lF3t1K0BwaPAF4,47634,80,HTTP,0,(empty),text/json,-,0.0,T,F,464,-,0,0,F,-,-,-,-,-,-,-,HueSwitch
CguGRB2Ulcwr4hv3Tb,FaDB594app8IQoBQn7,60044,80,HTTP,0,(empty),text/json,-,0.0,T,F,464,-,0,0,F,-,-,-,-,-,-,-,HueSwitch
CIRnSF1R83DqrXWMIi,FpdNzx3aWcRqrty434,56302,80,HTTP,0,(empty),text/json,-,0.0,T,F,464,-,0,0,F,-,-,-,-,-,-,-,HueSwitch
C4UsZp2SmoEFFfunnd,Fs3phj4qbEEobkgPSl,34903,80,HTTP,0,(empty),text/json,-,0.0,T,F,464,-,0,0,F,-,-,-,-,-,-,-,HueSwitch
ChNoQV1tK2AFzBWiG7,FZ5MCx01xOIu9PTqd,37841,80,HTTP,0,(empty),text/json,-,0.073112,T,F,35,-,0,0,F,-,-,-,-,-,-,-,HueSwitch
CCzuHz34z9ZKb9DNZj,FUkA1X3krvBDMeGlue,59533,80,HTTP,0,(empty),text/json,-,0.0,T,F,243,-,0,0,F,-,-,-,-,-,-,-,HueSwitch
CgosvzoWeLOZtTwtl,FZE5Ob3XhrheAp3zP8,50071,80,HTTP,0,(empty),text/json,-,0.057934,T,F,32,-,0,0,F,-,-,-,-,-,-,-,HueSwitch
CFT05e2YZP3m9RoGDc,F9srUm3r0JbnFTMUe2,44378,80,HTTP,0,(empty),text/json,-,0.052863,T,F,32,-,0,0,F,-,-,-,-,-,-,-,HueSwitch
CzEpXh1Uw8G8Gaybz4,F6mXSy4VFrJAMv6GJf,44038,80,HTTP,0,(empty),text/json,-,0.053735,T,F,32,-,0,0,F,-,-,-,-,-,-,-,HueSwitch
Cry9lY28HTPuH1Fvxh,FBqrPG3urWBC6VBDhj,58787,80,HTTP,0,(empty),text/json,-,0.053391,T,F,32,-,0,0,F,-,-,-,-,-,-,-,HueSwitch
C9PhXk462nAtKAhiT5,F2nTC91q6JiEs8Gag2,35192,80,HTTP,0,(empty),text/json,-,0.0,T,F,243,-,0,0,F,-,-,-,-,-,-,-,HueSwitch
CSe9lw3a6jb4F1Y5b,FvOspPnIJLyLQLXCj,32843,80,HTTP,0,(empty),text/json,-,0.0,T,F,243,-,0,0,F,-,-,-,-,-,-,-,HueSwitch
CnHPNi1kqcjfhq4kxk,FIPojCmwe74JR2pbb,34748,80,HTTP,0,(empty),text/json,-,0.0,T,F,243,-,0,0,F,-,-,-,-,-,-,-,HueSwitch
CmRlnP3QFRN3B47VX4,FKXscI3MBEfQ11G5Q8,43917,80,HTTP,0,(empty),text/json,-,0.0,T,F,243,-,0,0,F,-,-,-,-,-,-,-,HueSwitch
CsONvS3HPQJJQkZnc8,Fsud9h1Nti3X1I5sT5,50611,80,HTTP,0,(empty),text/json,-,0.0,T,F,243,-,0,0,F,-,-,-,-,-,-,-,HueSwitch
CzuZP01dfcCgRrK4x1,FW6QdU24snHCHza6Ei,38039,80,HTTP,0,(empty),text/json,-,0.0,T,F,243,-,0,0,F,-,-,-,-,-,-,-,HueSwitch
CxE1rtaMNwdfKY3i,FxYRo92xYndqJ3Upw3,48131,80,HTTP,0,(empty),text/json,-,0.0,T,F,243,-,0,0,F,-,-,-,-,-,-,-,HueSwitch
Ca0XyE3CUQfK7KK5Bj,FAMtoB4I2g0Ll4Sos9,39776,80,HTTP,0,(empty),text/json,-,0.0,T,F,243,-,0,0,F,-,-,-,-,-,-,-,HueSwitch
CWEpkx2ZmZrRJEuBW5,FQJd3ktwJqvBz840l,47038,80,HTTP,0,(empty),text/json,-,0.0,T,F,243,-,0,0,F,-,-,-,-,-,-,-,HueSwitch
CJFKi6mmU4iMyvSr5,Fk5EwP1J0WDw6E2u1e,32830,80,HTTP,0,(empty),text/json,-,0.00593,T,F,2251,-,0,0,F,-,-,-,-,-,-,-,HueSwitch
CpdHlnePz0sc6xq9e,FvVOMm4QjL2MPK5Stk,34856,80,HTTP,0,(empty),text/json,-,0.0,T,F,243,-,0,0,F,-,-,-,-,-,-,-,HueSwitch
Cm1abNs1A4p0kTcxc,F9Hxza2GPuw6okXJu6,46739,80,HTTP,0,(empty),text/json,-,0.0,T,F,54,-,0,0,F,-,-,-,-,-,-,-,HueSwitch
C8mi1n2kbEnkjHAnZd,Fhk2vg3rrVcyOPgxol,49385,80,HTTP,0,(empty),text/json,-,0.0,T,F,22,-,0,0,F,-,-,-,-,-,-,-,HueSwitch
CdJgVj1le7FeDZ5Xrf,F7z7dAgkcbAQFNlP6,54713,80,HTTP,0,(empty),text/json,-,0.0,T,F,22,-,0,0,F,-,-,-,-,-,-,-,HueSwitch
CFftBM1FlMXq2XE5ed,FIyoTa14VeyHIGZru2,44268,80,HTTP,0,(empty),text/json,-,0.003505,T,F,2251,-,0,0,F,-,-,-,-,-,-,-,HueSwitch
COal782Q6Y8dxZKwqf,FV2A8t3HoXYdVXzcxf,45553,80,HTTP,0,(empty),text/json,-,0.0,T,F,22,-,0,0,F,-,-,-,-,-,-,-,HueSwitch
CwYQKr4MmPavRW3Zaj,FLMv8P1cpnGNMd0kkh,50858,80,HTTP,0,(empty),text/json,-,0.0,T,F,22,-,0,0,F,-,-,-,-,-,-,-,HueSwitch
C0sZMw4QeRDUUrYqyh,Ftp3Pa15EVdFcvpKPg,44105,80,HTTP,0,(empty),text/json,-,0.0,T,F,22,-,0,0,F,-,-,-,-,-,-,-,HueSwitch
CibR1frHwxUjKXPp9,FU8VqS1OBwcbHiP9bj,47330,80,HTTP,0,(empty),text/json,-,0.0,T,F,22,-,0,0,F,-,-,-,-,-,-,-,HueSwitch
CxSkym4STKR2eSdYz4,FTIIzF1eD8rjccde0k,43175,80,HTTP,0,(empty),text/json,-,0.0,T,F,22,-,0,0,F,-,-,-,-,-,-,-,HueSwitch
C9OA594BOKafMSdes3,FpRtjb1aEVaNQSa7Y,43214,80,HTTP,0,(empty),text/json,-,0.00362,T,F,2459,-,0,0,F,-,-,-,-,-,-,-,HueSwitch
CfUGxdf7fsfgdDIDi,FWxoZN2VGlgEd5GBNh,44718,80,HTTP,0,(empty),text/json,-,0.0,T,F,49,-,0,0,F,-,-,-,-,-,-,-,HueSwitch
CCSOOg4dAFp3pr4s4,F7ZyDK3rvhpiJgGuXb,42374,80,HTTP,0,(empty),text/json,-,0.00689,T,F,2459,-,0,0,F,-,-,-,-,-,-,-,HueSwitch
C4mnUqV8a9mFDJYc7,FpGghv3sXnHLnrSmfk,42645,80,HTTP,0,(empty),text/json,-,0.0,T,F,451,-,0,0,F,-,-,-,-,-,-,-,HueSwitch
C0ksI214QkgDBTUdxc,FrgpnJLsAEbyONawh,55985,80,HTTP,0,(empty),text/json,-,0.0,T,T,21,21,0,0,F,-,-,-,-,-,-,-,HueSwitch
C0ksI214QkgDBTUdxc,FnbSyR2ajVJ93QxbVj,55985,80,HTTP,0,(empty),text/json,-,0.010083,T,F,125,-,0,0,F,-,-,-,-,-,-,-,HueSwitch
CX43vx3CqNpHSP6qFj,FrLDhw4gVSRjrzfmna,44112,80,HTTP,0,(empty),text/json,-,0.0,T,T,267,267,0,0,F,-,-,-,-,-,-,-,HueSwitch
CX43vx3CqNpHSP6qFj,FDaquA3O5AydJ9C4Bi,44112,80,HTTP,0,(empty),text/json,-,0.018133,T,F,24,-,0,0,F,-,-,-,-,-,-,-,HueSwitch
C6WV2d368jBlBgaQSe,FA0Eya3aELa4q1nqR1,47520,80,HTTP,0,(empty),text/json,-,0.0,T,T,268,268,0,0,F,-,-,-,-,-,-,-,HueSwitch
C6WV2d368jBlBgaQSe,F0fMsb1NcQ1LnULcVe,47520,80,HTTP,0,(empty),text/json,-,0.023259,T,F,24,-,0,0,F,-,-,-,-,-,-,-,HueSwitch
CeSrOO4cvHXn9Q6dd,Fcdy4u1MDS4BDSNUU4,33571,80,HTTP,0,(empty),text/json,-,0.0,T,T,20,20,0,0,F,-,-,-,-,-,-,-,HueSwitch
CeSrOO4cvHXn9Q6dd,FchYPd1KoV4Zu44db3,33571,80,HTTP,0,(empty),text/json,-,0.010195,T,F,124,-,0,0,F,-,-,-,-,-,-,-,HueSwitch
Cn4eEu2hfC4mcNxlqi,FdnPbk2gB9I3T5pnmb,52430,80,HTTP,0,(empty),text/json,-,0.0,T,T,267,267,0,0,F,-,-,-,-,-,-,-,HueSwitch
Cn4eEu2hfC4mcNxlqi,Fzn6oT3kvCM17578g,52430,80,HTTP,0,(empty),text/json,-,0.024037,T,F,24,-,0,0,F,-,-,-,-,-,-,-,HueSwitch
C9yjbu1WrMpxw5RlY4,FZgJnAPWTNceO3MIa,32827,80,HTTP,0,(empty),text/json,-,0.0,T,T,21,21,0,0,F,-,-,-,-,-,-,-,HueSwitch
C9yjbu1WrMpxw5RlY4,FQNwLu2JnnT4Yt12n3,32827,80,HTTP,0,(empty),text/json,-,0.010349,T,F,125,-,0,0,F,-,-,-,-,-,-,-,HueSwitch
CBBc8y3mAcSOrju91g,F0d3mk1Shk7MAehuN2,35887,80,HTTP,0,(empty),text/json,-,0.0,T,T,267,267,0,0,F,-,-,-,-,-,-,-,HueSwitch
CBBc8y3mAcSOrju91g,FK8PC578CUHGtMOR1,35887,80,HTTP,0,(empty),text/json,-,0.023823,T,F,24,-,0,0,F,-,-,-,-,-,-,-,HueSwitch
CZxcKS1kPtR3c9kiH9,Fc5Kwq3nqxoPmn9Vpf,55474,80,HTTP,0,(empty),text/json,-,0.0,T,F,451,-,0,0,F,-,-,-,-,-,-,-,HueSwitch
CSq7RXbUdJ3YCTDhd,FYEVb63CQW7RBBZu0j,41886,80,HTTP,0,(empty),text/json,-,0.001858,T,F,1638,-,0,0,F,-,-,-,-,-,-,-,HueSwitch
CmzgUO25hvwWnlk43d,FwzIwr2LpgH4TZkAOa,58195,80,HTTP,0,(empty),text/json,-,0.0,T,F,451,-,0,0,F,-,-,-,-,-,-,-,HueSwitch
CbwXWu1uIcvZYxO9Y8,FBTfjo3A0JBKG0Smwg,40072,80,HTTP,0,(empty),text/json,-,0.0,T,F,451,-,0,0,F,-,-,-,-,-,-,-,HueSwitch
CBE37j4zG5Z5T1TzY3,FLeKV9s1hN6p8gcE7,50499,80,HTTP,0,(empty),text/json,-,0.0,T,F,49,-,0,0,F,-,-,-,-,-,-,-,HueSwitch
C0pZf626eZE3OLQ3se,FZDkvuqDuT6CBIbT6,39115,80,HTTP,0,(empty),text/json,-,0.0,T,F,451,-,0,0,F,-,-,-,-,-,-,-,HueSwitch
CR3k9L2Rcgp8SuKBE2,FFwnZ33L6VkVniiGCf,57673,80,HTTP,0,(empty),text/json,-,0.0,T,F,451,-,0,0,F,-,-,-,-,-,-,-,HueSwitch
C7LfWl4q807dJuvkY8,FaL0vz3lUyQjXohxog,53269,80,HTTP,0,(empty),text/json,-,0.0,T,F,451,-,0,0,F,-,-,-,-,-,-,-,HueSwitch
C4OIMd3RgIglALLBJ3,FR3mp83nMLhWWy0sx7,56123,80,HTTP,0,(empty),text/json,-,0.0,T,F,451,-,0,0,F,-,-,-,-,-,-,-,HueSwitch
Ct1zfq18gC5yl8vRck,FvyDX22cShtaiKj5vb,41908,80,HTTP,0,(empty),text/json,-,0.0,T,F,451,-,0,0,F,-,-,-,-,-,-,-,HueSwitch
COQp883gOhKKURrfT4,Fw1TEd2pMBg6XXdSx9,57604,80,HTTP,0,(empty),text/json,-,0.0,T,F,49,-,0,0,F,-,-,-,-,-,-,-,HueSwitch
C0V7T93VvufSgcxFy9,FCBCgN3Hi3Kviw789e,57175,80,HTTP,0,(empty),text/json,-,0.0,T,F,451,-,0,0,F,-,-,-,-,-,-,-,HueSwitch
CGR5c23wmC3Ifa2An2,FROpr317T50GzqRKbc,55014,80,HTTP,0,(empty),text/json,-,0.0,T,F,451,-,0,0,F,-,-,-,-,-,-,-,HueSwitch
CX0uc31l7fTTlrLUP3,FM92j12Wwfeuzusgwh,41983,80,HTTP,0,(empty),text/json,-,0.0,T,F,49,-,0,0,F,-,-,-,-,-,-,-,HueSwitch
C8r2vx3dSoEZaRDAo4,FdAmIs3Ninz89jqlP7,34809,80,HTTP,0,(empty),text/json,-,0.0,T,F,451,-,0,0,F,-,-,-,-,-,-,-,HueSwitch
CYDzuuTErv5luBD8l,FaS5zk16p6VLTTjQna,39382,80,HTTP,0,(empty),text/json,-,0.053448,T,F,32,-,0,0,F,-,-,-,-,-,-,-,HueSwitch
C2yiwy4XCBZ03zFRH,FJiS7PJyxxxxE6AR5,39815,80,HTTP,0,(empty),text/json,-,0.0,T,F,451,-,0,0,F,-,-,-,-,-,-,-,HueSwitch
CfCFc4Kwez39PZOC2,FBrf516Rsr9gW6zji,49285,80,HTTP,0,(empty),text/json,-,0.0,T,T,20,20,0,0,F,-,-,-,-,-,-,-,HueSwitch
CfCFc4Kwez39PZOC2,FhkRh93KtFMHWsk0Rd,49285,80,HTTP,0,(empty),text/json,-,0.01032,T,F,124,-,0,0,F,-,-,-,-,-,-,-,HueSwitch
C65BvQ1VycRg1tNF7c,F21k6BuOXMQg8vK1h,34345,80,HTTP,0,(empty),text/json,-,0.0,T,T,271,271,0,0,F,-,-,-,-,-,-,-,HueSwitch
C65BvQ1VycRg1tNF7c,FQR8dl2ahpehfdGMTl,34345,80,HTTP,0,(empty),text/json,-,0.023857,T,F,24,-,0,0,F,-,-,-,-,-,-,-,HueSwitch
CycKRn1i1sciip9VIj,FotFUV22b7TnUFs4dj,51693,80,HTTP,0,(empty),text/json,-,0.0,T,F,451,-,0,0,F,-,-,-,-,-,-,-,HueSwitch
CljUEgnzPuC3svCX3,FIdAq7jpqafwth4c7,35066,80,HTTP,0,(empty),text/json,-,0.0,T,F,451,-,0,0,F,-,-,-,-,-,-,-,HueSwitch
CFQ00FxMl7ZHNcoyl,F5FXHm4tI3JsarrzCc,42834,80,HTTP,0,(empty),text/json,-,0.0,T,F,451,-,0,0,F,-,-,-,-,-,-,-,HueSwitch
CQA0gR1lZH3iOtYcT,F4tSkA2IpfZHIiHBe4,33841,80,HTTP,0,(empty),text/json,-,0.0,T,F,49,-,0,0,F,-,-,-,-,-,-,-,HueSwitch
CLW7Fi261hJ5Haq8g,FLFaDn4HYssTbCc7na,60707,80,HTTP,0,(empty),text/json,-,0.0,T,F,451,-,0,0,F,-,-,-,-,-,-,-,HueSwitch
C8wXuw4olqE88QGkL6,FJyPg8f3XKCGitmZb,54845,80,HTTP,0,(empty),text/json,-,0.0,T,F,451,-,0,0,F,-,-,-,-,-,-,-,HueSwitch
CoWRGP3sBKzxH7gud,FzJB2mRH2tzBrMts2,52214,80,HTTP,0,(empty),text/json,-,0.0,T,F,451,-,0,0,F,-,-,-,-,-,-,-,HueSwitch
C6RcTg2pY1mMtxRMEi,FBu0ZM3gWG5U8G5K8i,38443,80,HTTP,0,(empty),text/json,-,0.007513,T,F,4099,-,0,0,F,-,-,-,-,-,-,-,HueSwitch
CtoLV22y8MJxc9nhMf,FMoq6e4NSteVlo4WX1,46699,80,HTTP,0,(empty),text/json,-,0.0,T,F,451,-,0,0,F,-,-,-,-,-,-,-,HueSwitch
CdJOKVhCAcOnjuuWj,FfXqJy1gY3b6bc9ygl,38511,80,HTTP,0,(empty),text/json,-,0.0,T,F,49,-,0,0,F,-,-,-,-,-,-,-,HueSwitch
C1vPpb3P0l5W0pRnv4,F1yR5G2R6JI2tRcgL5,42157,80,HTTP,0,(empty),text/json,-,0.0,T,F,451,-,0,0,F,-,-,-,-,-,-,-,HueSwitch
CQ4dkW545Stx5or77,F2J8ym28GGSmze8KZf,51266,80,HTTP,0,(empty),text/json,-,0.0,T,F,451,-,0,0,F,-,-,-,-,-,-,-,HueSwitch
CYddb74gjgmVrh6rKg,FhL6K41dmkR7CQHA2e,51169,80,HTTP,0,(empty),text/json,-,0.0,T,F,451,-,0,0,F,-,-,-,-,-,-,-,HueSwitch
CzvyGc4z4IMk6UK2ja,F7CMW71xZPswco206h,37167,80,HTTP,0,(empty),text/json,-,0.0,T,F,451,-,0,0,F,-,-,-,-,-,-,-,HueSwitch
C6FWtn164l6beSKUG4,Fw0Bia44C9hPO62jn6,60605,80,HTTP,0,(empty),text/json,-,0.0,T,F,49,-,0,0,F,-,-,-,-,-,-,-,HueSwitch
CdqX9S1xePQijPPzpl,FQqIlTK5VINV5mrfk,44584,80,HTTP,0,(empty),text/json,-,0.0,T,F,451,-,0,0,F,-,-,-,-,-,-,-,HueSwitch
CHTVlj30nNDbtIHuPc,FvQCi91rxPo8GslBue,34090,80,HTTP,0,(empty),text/json,-,0.0,T,F,451,-,0,0,F,-,-,-,-,-,-,-,HueSwitch
CGda9Q2ESExkz4buGc,F5lIYy2E3zXgR85Dd8,42983,80,HTTP,0,(empty),text/json,-,0.0,T,F,451,-,0,0,F,-,-,-,-,-,-,-,HueSwitch
CO49O42akvFOIhnOK7,FeuBEe4kQB0497FzWf,50042,80,HTTP,0,(empty),text/json,-,0.0,T,F,451,-,0,0,F,-,-,-,-,-,-,-,HueSwitch
CaFlmd2G7YIZCu4XRb,FLsoqb3Vkfq5Ar3s9d,57475,80,HTTP,0,(empty),text/json,-,0.0,T,F,49,-,0,0,F,-,-,-,-,-,-,-,HueSwitch
CDUpRFHedahGEFYcg,FT34WQNfbLjU9ldj,38369,80,HTTP,0,(empty),text/json,-,0.0,T,F,451,-,0,0,F,-,-,-,-,-,-,-,HueSwitch
CdaQpb3JgiK1ERyZx,FRqgrv17uQ35hkj9pg,60162,80,HTTP,0,(empty),text/json,-,0.0,T,F,451,-,0,0,F,-,-,-,-,-,-,-,HueSwitch
CboQav3wrKvUiOeSN3,FPuFOjuel4VajELq1,37867,80,HTTP,0,(empty),text/json,-,0.0,T,F,451,-,0,0,F,-,-,-,-,-,-,-,HueSwitch
CVZaOs1SAwLHVQ75j6,FPcqlz440IYhUb53P7,55920,80,HTTP,0,(empty),text/json,-,0.0,T,F,464,-,0,0,F,-,-,-,-,-,-,-,HueSwitch
CBL8Zb3vtQx6xVPbc2,FZJPXg4TCvamy0g7gc,35436,80,HTTP,0,(empty),text/json,-,0.0,T,F,49,-,0,0,F,-,-,-,-,-,-,-,HueSwitch
CnYINM26XOi8cVUhIb,FoI8m13eA0dCYzHQtf,48771,80,HTTP,0,(empty),text/json,-,0.0,T,F,464,-,0,0,F,-,-,-,-,-,-,-,HueSwitch
CchUfM27VgZanXOZle,FBx4ua1zBEcTiFCJhj,44726,80,HTTP,0,(empty),text/json,-,0.0,T,F,464,-,0,0,F,-,-,-,-,-,-,-,HueSwitch
CcWcFhWoO14uFFvl,F8poVV277hOGVDZ5C4,60554,80,HTTP,0,(empty),text/json,-,0.0,T,F,464,-,0,0,F,-,-,-,-,-,-,-,HueSwitch
CZKn9R2xKzt0UEBiQi,FQBcGt47IQg0AGQrid,32797,80,HTTP,0,(empty),text/json,-,0.0,T,F,464,-,0,0,F,-,-,-,-,-,-,-,HueSwitch
CsCPGa1LPbTee4gOW2,Fbojt54MkukW4eBkHb,42645,80,HTTP,0,(empty),text/json,-,0.0,T,F,49,-,0,0,F,-,-,-,-,-,-,-,HueSwitch
Ce8nheXTHIYlQJge4,FhPnra4ZO5q2I1hyCa,38974,80,HTTP,0,(empty),text/json,-,0.0,T,F,464,-,0,0,F,-,-,-,-,-,-,-,HueSwitch
CYiHg3QGRxkHj3Bgc,FafWpo2M8elqASl43c,53646,80,HTTP,0,(empty),text/json,-,0.0,T,F,464,-,0,0,F,-,-,-,-,-,-,-,HueSwitch
Cd8IIe4GIq7N3JwuQc,FQcns327YUdfzUiDk,57020,80,HTTP,0,(empty),text/json,-,0.0,T,F,464,-,0,0,F,-,-,-,-,-,-,-,HueSwitch
CJyJnb3MH4p78cy3q5,FGyjqA1JhORj6R20mi,50178,80,HTTP,0,(empty),text/json,-,0.00572,T,F,4142,-,0,0,F,-,-,-,-,-,-,-,HueSwitch
CRVlU23anOr2Xs7Cnj,FXfPU8o2tXnnWI8n5,36772,80,HTTP,0,(empty),text/json,-,0.0,T,F,464,-,0,0,F,-,-,-,-,-,-,-,HueSwitch
CgpKb54tOwzNWqegG4,FFS0AB4Jf47bebGofg,38970,80,HTTP,0,(empty),text/json,-,0.0,T,F,49,-,0,0,F,-,-,-,-,-,-,-,HueSwitch
CvZXCzssqddkKSfPa,FqLdaD30ca6vnqQBR7,59831,80,HTTP,0,(empty),text/json,-,0.0,T,F,464,-,0,0,F,-,-,-,-,-,-,-,HueSwitch
CiHLXj4BqNdSxNRdse,F4vr8l4oKNhyAiGKH2,38399,80,HTTP,0,(empty),text/json,-,0.0,T,F,464,-,0,0,F,-,-,-,-,-,-,-,HueSwitch
Cbzv4k3Ma058koL4g,Fmp8q74mdtE8Zz0aBb,48625,80,HTTP,0,(empty),text/json,-,0.0,T,F,464,-,0,0,F,-,-,-,-,-,-,-,HueSwitch
CJZolq4Rpvhuyw0kf7,FN5yLQ16JONyBDqE33,42690,80,HTTP,0,(empty),text/json,-,0.0,T,F,464,-,0,0,F,-,-,-,-,-,-,-,HueSwitch
CWP9giAeYVdyfFXa2,FlKsjW1LlRwCJY7Ov1,59116,80,HTTP,0,(empty),text/json,-,0.0,T,F,49,-,0,0,F,-,-,-,-,-,-,-,HueSwitch
CHfEAk4WAJwLLgh2oj,FGlkAV3HVk1aJRoWdc,56828,80,HTTP,0,(empty),text/json,-,0.0,T,F,464,-,0,0,F,-,-,-,-,-,-,-,HueSwitch
CfXWXn4nnEuch5jjQl,FplJnj3oUygfbYitv9,45031,80,HTTP,0,(empty),text/json,-,0.0,T,F,464,-,0,0,F,-,-,-,-,-,-,-,HueSwitch
C0Mwb14i0iPiu0Xqtj,FycJs215mK0cJ5C4Od,46217,80,HTTP,0,(empty),text/json,-,0.0,T,F,464,-,0,0,F,-,-,-,-,-,-,-,HueSwitch
CUnVJdmPkKYNGBkCk,FvsZBJ3tz4yrX7Hf9l,39090,80,HTTP,0,(empty),text/json,-,0.0,T,F,464,-,0,0,F,-,-,-,-,-,-,-,HueSwitch
Ce7hS83Pu2UUCUj6u6,FUe8hGnefrfpphbc9,53422,80,HTTP,0,(empty),text/json,-,0.0,T,F,49,-,0,0,F,-,-,-,-,-,-,-,HueSwitch
Cw6KONXivBnQKROP,FfVCLr3uM1Udn2no8,35565,80,HTTP,0,(empty),text/json,-,0.0,T,F,464,-,0,0,F,-,-,-,-,-,-,-,HueSwitch
CnAaN12Qov1skaDym4,FtyU6o26m29Cpxc1xi,50821,80,HTTP,0,(empty),text/json,-,0.0,T,F,464,-,0,0,F,-,-,-,-,-,-,-,HueSwitch
CEpZxG2gw0ZFuy48l,FUvkRd1ogLWTiMLTA,45325,80,HTTP,0,(empty),text/json,-,0.0,T,F,464,-,0,0,F,-,-,-,-,-,-,-,HueSwitch
CUeJxb7nsGwux0Hpf,Fczfxi2tGz8fT9jOG6,60560,80,HTTP,0,(empty),text/json,-,0.0,T,F,464,-,0,0,F,-,-,-,-,-,-,-,HueSwitch
CRC3Id1xDnWROiaTc4,F1Owei2SVAPCV7KUjg,45347,80,HTTP,0,(empty),text/json,-,0.0,T,F,62,-,0,0,F,-,-,-,-,-,-,-,HueSwitch
CIqqJiuwTfbaZ6GP9,Fuug9l1bPJ6CgaeGSi,39494,80,HTTP,0,(empty),text/json,-,0.0,T,F,464,-,0,0,F,-,-,-,-,-,-,-,HueSwitch
CofHUC1jmqIvxG3X6i,FyyA4147A8ynNN64le,42314,80,HTTP,0,(empty),text/json,-,0.0,T,F,464,-,0,0,F,-,-,-,-,-,-,-,HueSwitch
CpaqBl4w7Pmj1shyjf,Fs0cRf1qMPvqhQ7kw7,46721,80,HTTP,0,(empty),text/json,-,0.0,T,F,464,-,0,0,F,-,-,-,-,-,-,-,HueSwitch
CN5pG1TBV0rI8Q5Tc,FTFaTx3KLkBwCjhxk1,43918,80,HTTP,0,(empty),text/json,-,0.0,T,F,464,-,0,0,F,-,-,-,-,-,-,-,HueSwitch
CUZNBD2BCDg3eld6H7,FCmVjMRcFp1zzBCXc,58350,80,HTTP,0,(empty),text/json,-,0.0,T,F,464,-,0,0,F,-,-,-,-,-,-,-,HueSwitch
CfN3WV3V18e3ccKQb3,FrhOhy2x9a73wkyvRh,46059,80,HTTP,0,(empty),text/json,-,0.0,T,F,464,-,0,0,F,-,-,-,-,-,-,-,HueSwitch
CX7PnoQ8nsoNcaUgg,Fd8i002Ha50jV9fnW,46695,80,HTTP,0,(empty),text/json,-,0.0,T,F,464,-,0,0,F,-,-,-,-,-,-,-,HueSwitch
CMT5f64gneQZk69dka,FV27my2LjmNBidRaki,45583,80,HTTP,0,(empty),text/json,-,0.008957,T,F,4142,-,0,0,F,-,-,-,-,-,-,-,HueSwitch
CEytfC4NJfkr7f8Dyc,FMJaQ54OrrDjVKZSV7,55336,80,HTTP,0,(empty),text/json,-,0.0,T,F,464,-,0,0,F,-,-,-,-,-,-,-,HueSwitch
CzPoc9JsdLV5kENjj,FGAzN93AuRPHckVdx8,51649,80,HTTP,0,(empty),text/json,-,0.0,T,F,464,-,0,0,F,-,-,-,-,-,-,-,HueSwitch
CS08XU1KPa39U3G80k,F55acngh231Elbnm,56038,80,HTTP,0,(empty),text/json,-,0.0,T,F,464,-,0,0,F,-,-,-,-,-,-,-,HueSwitch
C3Npsqs64WdoJQme9,F4bYO21I6Ds4CrFzk2,56196,80,HTTP,0,(empty),text/json,-,0.0,T,F,464,-,0,0,F,-,-,-,-,-,-,-,HueSwitch
CdmPnJ3fL8dttjflz9,FlsbqU2eWjJCfrY6r8,38923,80,HTTP,0,(empty),text/json,-,0.0,T,F,464,-,0,0,F,-,-,-,-,-,-,-,HueSwitch
Crd0Z9FQdeb9LPS8i,FdQ7XHOcc2DMs1Hq6,60483,80,HTTP,0,(empty),text/json,-,0.0,T,F,464,-,0,0,F,-,-,-,-,-,-,-,HueSwitch
CUvI7k13H6cLqYGd7k,Fw8sSw2dBx2M6Y7Mli,33915,80,HTTP,0,(empty),text/json,-,0.0,T,F,464,-,0,0,F,-,-,-,-,-,-,-,HueSwitch
CQs4JOoGjXwNB0VQ6,FYK4nL2ZFOWR0pSHpi,54729,80,HTTP,0,(empty),text/json,-,0.0,T,F,464,-,0,0,F,-,-,-,-,-,-,-,HueSwitch
COkTi64j1AXYfEGfLe,F89cEk2RfevlrL0Mbk,47452,80,HTTP,0,(empty),text/json,-,0.0,T,F,464,-,0,0,F,-,-,-,-,-,-,-,HueSwitch
CSaJNR3OqLTpFeRIda,FGlTL6u6nsPZPzOx,60035,80,HTTP,0,(empty),text/json,-,0.0,T,F,464,-,0,0,F,-,-,-,-,-,-,-,HueSwitch
COW32N1GWNb9ChfuGh,FOLshGAG058qcYe7k,43412,80,HTTP,0,(empty),text/json,-,0.0,T,F,464,-,0,0,F,-,-,-,-,-,-,-,HueSwitch
CwK8DC1RPQvkLcM4V7,FDSVVrcrNuVdeKwbb,35280,80,HTTP,0,(empty),text/json,-,0.0,T,F,464,-,0,0,F,-,-,-,-,-,-,-,HueSwitch
CFfcCzBHCHXakAXa2,FMdmQ7pBpp9OmY8o9,52877,80,HTTP,0,(empty),text/json,-,0.0,T,F,464,-,0,0,F,-,-,-,-,-,-,-,HueSwitch
CEgAT02WcNFJ7dDk4c,FNVuCZ1Wj5EPg1xiL1,53240,80,HTTP,0,(empty),text/json,-,0.0,T,F,464,-,0,0,F,-,-,-,-,-,-,-,HueSwitch
Ca9kgp1zZygwpJ2g0e,Fr1Ab81J6mOd8JZEze,46240,80,HTTP,0,(empty),text/json,-,0.0,T,F,464,-,0,0,F,-,-,-,-,-,-,-,HueSwitch
CK5Vmf1NW25BJovQCi,FYAbAY2WnuKyDlrzSj,56423,80,HTTP,0,(empty),text/json,-,0.0,T,F,464,-,0,0,F,-,-,-,-,-,-,-,HueSwitch
CqGd9n30Z6eokmQaP8,FYwOIl4AsNERQVdLy1,58125,80,HTTP,0,(empty),text/json,-,0.0,T,F,464,-,0,0,F,-,-,-,-,-,-,-,HueSwitch
CYgdVa3Z1kGFJHqa3l,F0okee59Ou9j6H7A1,39098,80,HTTP,0,(empty),text/json,-,0.0,T,F,464,-,0,0,F,-,-,-,-,-,-,-,HueSwitch
CvE2KovM8fHKOwWV9,FAWEnJ2BIhYWXEzEXe,32862,80,HTTP,0,(empty),text/json,-,0.0,T,F,464,-,0,0,F,-,-,-,-,-,-,-,HueSwitch
CCErDt1IhnycB64mQ6,FciHke3c5oJuRhFDQ5,52146,80,HTTP,0,(empty),text/json,-,0.0,T,F,464,-,0,0,F,-,-,-,-,-,-,-,HueSwitch
CJqqWrQqfJzXAgNTg,FQwsBj47MPctlF0b16,40486,80,HTTP,0,(empty),text/json,-,0.009004,T,F,4142,-,0,0,F,-,-,-,-,-,-,-,HueSwitch
CBQjBC4GR4sZDr2bib,FzYM394pTTlYh0dL4f,58876,80,HTTP,0,(empty),text/json,-,0.0,T,F,464,-,0,0,F,-,-,-,-,-,-,-,HueSwitch
CJq6oq3775RYiAFtt1,FNIfr44gvdfouWZ9U5,50653,80,HTTP,0,(empty),text/json,-,0.0,T,F,464,-,0,0,F,-,-,-,-,-,-,-,HueSwitch
CPuAUv2SbBRruFqblk,FKj4Wy2mqvU0mXCMJi,45355,80,HTTP,0,(empty),text/json,-,0.0,T,F,464,-,0,0,F,-,-,-,-,-,-,-,HueSwitch
CQGmGDtTQXHZgD3P5,FqsAc02DMdkKSPPv7l,50434,80,HTTP,0,(empty),text/json,-,0.0,T,F,464,-,0,0,F,-,-,-,-,-,-,-,HueSwitch
CqYwn93CEeFSvp58M4,FBctSx2KLrORftGPnd,58367,80,HTTP,0,(empty),text/json,-,0.0,T,F,464,-,0,0,F,-,-,-,-,-,-,-,HueSwitch
Cf0Rdg4KwxuvRJ4HOl,FTr9Aj3gHBenm2LCQl,38099,80,HTTP,0,(empty),text/json,-,0.0,T,F,464,-,0,0,F,-,-,-,-,-,-,-,HueSwitch
C7YSRK2KR2KY1XuTli,F3Ndh93xACAMXAXgGf,59934,80,HTTP,0,(empty),text/json,-,0.0,T,F,464,-,0,0,F,-,-,-,-,-,-,-,HueSwitch
CJaWHE4EYwgIs8qf7e,F65r8eGoE37ueSJof,53942,80,HTTP,0,(empty),text/json,-,0.0,T,F,464,-,0,0,F,-,-,-,-,-,-,-,HueSwitch
C1Kq5n4au6ZJaidGde,FrMBTQ19kRvYQJX1U2,59421,80,HTTP,0,(empty),text/json,-,0.0,T,F,464,-,0,0,F,-,-,-,-,-,-,-,HueSwitch
Cm3P3Z1wysroDx1Fa3,FBiuXntCT5oNd4FW1,45507,80,HTTP,0,(empty),text/json,-,0.0,T,F,464,-,0,0,F,-,-,-,-,-,-,-,HueSwitch
CWD91W2Z1jwxUPC0fl,FcciNd22hYDltM40G3,48434,80,HTTP,0,(empty),text/json,-,0.0,T,F,464,-,0,0,F,-,-,-,-,-,-,-,HueSwitch
C0ycP14GwK9QXI4Jnl,FtCSBK2eSE7PA6leRj,37103,80,HTTP,0,(empty),text/json,-,0.0,T,F,464,-,0,0,F,-,-,-,-,-,-,-,HueSwitch
CLRVGr4O0qWqRf2iAd,F8KNw54gHOgtVLpWMe,37796,80,HTTP,0,(empty),text/json,-,0.0,T,F,464,-,0,0,F,-,-,-,-,-,-,-,HueSwitch
CZB9GR3hbXURkMv8Mi,FGVAQAZTsQSACSKW1,49513,80,HTTP,0,(empty),text/json,-,0.0,T,F,464,-,0,0,F,-,-,-,-,-,-,-,HueSwitch
CYLWsjwkaRQX39kC1,FdZ3Ic1rnrWuxD1hk6,52844,80,HTTP,0,(empty),text/json,-,0.0,T,F,464,-,0,0,F,-,-,-,-,-,-,-,HueSwitch
Cvpif3RQc1sZln9U2,F4czrb4Xqcd9690PMl,36018,80,HTTP,0,(empty),text/json,-,0.0,T,F,464,-,0,0,F,-,-,-,-,-,-,-,HueSwitch
C7XXi14oH0Hi8dWpxb,FJvnYq4qwjrY8q2rgf,33279,80,HTTP,0,(empty),text/json,-,0.0,T,F,464,-,0,0,F,-,-,-,-,-,-,-,HueSwitch
CMaNBx36uOM0rHEXja,FqT5283XWVVrHGFVh8,58741,80,HTTP,0,(empty),text/json,-,0.0,T,F,464,-,0,0,F,-,-,-,-,-,-,-,HueSwitch
C1KvvI125gTEeDRw26,FfjU8s4OOKw4h3pAbf,45215,80,HTTP,0,(empty),text/json,-,0.0,T,F,464,-,0,0,F,-,-,-,-,-,-,-,HueSwitch
C7dMlj2ykMBc508QQg,FC1oX11LpQ9KKk8wH9,52834,80,HTTP,0,(empty),text/json,-,0.0,T,F,464,-,0,0,F,-,-,-,-,-,-,-,HueSwitch
CiEnxE4hRTinPOGO84,FOF7IdPtT7x2QvBZ8,40516,80,HTTP,0,(empty),text/json,-,0.008875,T,F,4142,-,0,0,F,-,-,-,-,-,-,-,HueSwitch
CATzoO33sxQ1ymlKYh,F7IPcl1mbkD56nHfAl,45554,80,HTTP,0,(empty),text/json,-,0.0,T,F,464,-,0,0,F,-,-,-,-,-,-,-,HueSwitch
CAfbCM1pIMgtCTKBz3,FO8Qj21egO8o668Jx8,56763,80,HTTP,0,(empty),text/json,-,0.0,T,F,464,-,0,0,F,-,-,-,-,-,-,-,HueSwitch
CE43m81Y7ksZT5MAac,FuM1CG3kBVOKMwJai5,42047,80,HTTP,0,(empty),text/json,-,0.0,T,F,464,-,0,0,F,-,-,-,-,-,-,-,HueSwitch
Cw3RYg4Jt9yeFgvvQg,FZ2Dl24f7e4Giob6Sl,46137,80,HTTP,0,(empty),text/json,-,0.0,T,F,464,-,0,0,F,-,-,-,-,-,-,-,HueSwitch
COvhZZ1F5dcWbOOgc,Fg0HuB4f6umQhSitC9,55057,80,HTTP,0,(empty),text/plain,-,0.0,F,F,32,32,0,0,F,-,-,-,-,-,-,-,D-LinkHomeHub
C7IKOS2v2qdLaEss91,FYg6aFV3XAqLi5xI9,54756,80,HTTP,0,(empty),-,-,0.0,F,F,9,9,0,0,F,-,-,-,-,-,-,-,D-LinkHomeHub
CSnNfM3e0V2QeyASPe,Ffbcs842A28JTyxsKh,43695,80,HTTP,0,(empty),text/plain,-,0.0,F,F,310,310,0,0,F,-,-,-,-,-,-,-,D-LinkHomeHub
CfWfOmtpVsQvo29T1,FLumOz2r0h02kusSL2,60044,80,HTTP,0,(empty),-,-,0.0,F,F,9,9,0,0,F,-,-,-,-,-,-,-,D-LinkHomeHub
C110D81Fnlbscd2B0d,FKVPBgHAjcJDy4Mxa,57963,80,HTTP,0,(empty),application/soap+xml,-,0.0,T,T,457,457,0,0,F,-,-,-,-,-,-,-,D-LinkHomeHub
C110D81Fnlbscd2B0d,FKLo573uvn4hn0K25f,57963,80,HTTP,0,(empty),application/soap+xml,-,0.0,T,F,458,458,0,0,F,-,-,-,-,-,-,-,D-LinkHomeHub
C110D81Fnlbscd2B0d,FwVPRw3xM8ksFsc99h,57963,80,HTTP,0,(empty),application/soap+xml,-,0.0,T,T,487,487,0,0,F,-,-,-,-,-,-,-,D-LinkHomeHub
C110D81Fnlbscd2B0d,FjYRgH6Bzr78Sq4Zj,57963,80,HTTP,0,(empty),application/soap+xml,-,0.0,T,F,350,350,0,0,F,-,-,-,-,-,-,-,D-LinkHomeHub
C110D81Fnlbscd2B0d,F658yr1UFx5Ck6QpP4,57963,80,HTTP,0,(empty),application/soap+xml,-,0.0,T,T,363,363,0,0,F,-,-,-,-,-,-,-,D-LinkHomeHub
C110D81Fnlbscd2B0d,F0vff61bzpkkuZHlXd,57963,80,HTTP,0,(empty),application/soap+xml,-,0.0001,T,F,3502,3502,0,0,F,-,-,-,-,-,-,-,D-LinkHomeHub
C110D81Fnlbscd2B0d,FsP6NX3l6t0PzKBB2g,57963,80,HTTP,0,(empty),application/soap+xml,-,0.0,T,T,563,563,0,0,F,-,-,-,-,-,-,-,D-LinkHomeHub
C110D81Fnlbscd2B0d,FfFF5XcE3jA3RHwW,57963,80,HTTP,0,(empty),application/soap+xml,-,0.0,T,F,393,393,0,0,F,-,-,-,-,-,-,-,D-LinkHomeHub
C110D81Fnlbscd2B0d,FGlaTM2up5WEoexLSf,57963,80,HTTP,0,(empty),application/soap+xml,-,0.0,T,T,541,541,0,0,F,-,-,-,-,-,-,-,D-LinkHomeHub
C110D81Fnlbscd2B0d,FK62Ymk2ZUS1ObQT6,57963,80,HTTP,0,(empty),application/soap+xml,-,0.0,T,F,397,397,0,0,F,-,-,-,-,-,-,-,D-LinkHomeHub
C110D81Fnlbscd2B0d,FNNOUP5es4s5ibCag,57963,80,HTTP,0,(empty),application/soap+xml,-,0.0,T,T,359,359,0,0,F,-,-,-,-,-,-,-,D-LinkHomeHub
C110D81Fnlbscd2B0d,FAVEaJ16GHg0bbdrD4,57963,80,HTTP,0,(empty),application/soap+xml,-,0.0,T,F,647,647,0,0,F,-,-,-,-,-,-,-,D-LinkHomeHub
CzQwQWFf8951H0NMh,F5m8BBB6jj7CUbHD9,46687,80,HTTP,0,(empty),text/plain,-,0.0,F,F,32,32,0,0,F,-,-,-,-,-,-,-,D-LinkHomeHub
C110D81Fnlbscd2B0d,FHOHrK2FnZonnKl2r,57963,80,HTTP,0,(empty),application/soap+xml,-,0.0,T,T,521,521,0,0,F,-,-,-,-,-,-,-,D-LinkHomeHub
C110D81Fnlbscd2B0d,FLu96ZcH4gQb7sQci,57963,80,HTTP,0,(empty),application/soap+xml,-,0.0,T,F,361,361,0,0,F,-,-,-,-,-,-,-,D-LinkHomeHub
CtypYfpc7MYjfMJ6e,FRGcP83nnV2M7GKgkg,39306,80,HTTP,0,(empty),text/plain,-,0.0,F,F,310,310,0,0,F,-,-,-,-,-,-,-,D-LinkHomeHub
CfJca93eBz8gml5PJc,F7MpR41c9Q1CJhCYn8,59919,80,HTTP,0,(empty),application/x-executable,-,1.314721,F,F,196060,196060,0,0,F,-,-,-,-,-,-,-,D-LinkHomeHub
CExBgY1xNf51vbE2Li,FMHMUu1sw9gOFjS55j,49153,80,HTTP,0,(empty),text/plain,-,0.0,T,T,12,12,0,0,F,-,-,-,-,-,-,-,Withings
CExBgY1xNf51vbE2Li,FZuEmy27PkeXPUWKpk,49153,80,HTTP,0,(empty),text/json,-,0.0,F,F,12,12,0,0,F,-,-,-,-,-,-,-,Withings
C5WqDIfqVM0oq60li,FNn2gd32TsvztCkx7k,49154,80,HTTP,0,(empty),text/plain,-,0.0,T,T,10,10,0,0,F,-,-,-,-,-,-,-,Withings
C5WqDIfqVM0oq60li,FpJfTk4xZ0tUVZRt9k,49154,80,HTTP,0,(empty),text/json,-,0.0,F,F,48,48,0,0,F,-,-,-,-,-,-,-,Withings
C5WqDIfqVM0oq60li,FKoOY94c72tUn4UU82,49154,80,HTTP,0,(empty),text/plain,-,0.0,T,T,160,160,0,0,F,-,-,-,-,-,-,-,Withings
C5WqDIfqVM0oq60li,FCpyzH14L55YAgIg81,49154,80,HTTP,0,(empty),text/json,-,0.0,F,F,219,219,0,0,F,-,-,-,-,-,-,-,Withings
C5WqDIfqVM0oq60li,FSPyvE2ZmvIRxv8wii,49154,80,HTTP,0,(empty),text/plain,-,0.451683,T,T,4473,4473,0,0,F,-,-,-,-,-,-,-,Withings
C5WqDIfqVM0oq60li,F3x66N1rQfmvApBx1k,49154,80,HTTP,0,(empty),text/json,-,0.0,F,F,12,12,0,0,F,-,-,-,-,-,-,-,Withings
C5WqDIfqVM0oq60li,FQWi8M2lkJiWai0Kfb,49154,80,HTTP,0,(empty),text/plain,-,0.0,T,T,93,93,0,0,F,-,-,-,-,-,-,-,Withings
C5WqDIfqVM0oq60li,F0v6fy1KHgIaL0v62k,49154,80,HTTP,0,(empty),text/json,-,0.0,F,F,44,44,0,0,F,-,-,-,-,-,-,-,Withings
C5WqDIfqVM0oq60li,FI5EQs4Hi8EQdosSS4,49154,80,HTTP,0,(empty),text/plain,-,0.0,T,T,46,46,0,0,F,-,-,-,-,-,-,-,Withings
C5WqDIfqVM0oq60li,FdcFBK0afj8TN4nsb,49154,80,HTTP,0,(empty),text/json,-,0.0,F,F,12,12,0,0,F,-,-,-,-,-,-,-,Withings
CyLs9320ORDIduIMKg,FkgL9Y2FizYkIpUMNg,48910,80,HTTP,0,(empty),application/soap+xml,-,0.0,T,T,457,457,0,0,F,-,-,-,-,-,-,-,D-LinkCam
CyLs9320ORDIduIMKg,FYSc3X305DhXLs3wC7,48910,80,HTTP,0,(empty),application/soap+xml,-,0.0,T,F,458,458,0,0,F,-,-,-,-,-,-,-,D-LinkCam
CdiWf93FVFqVdeOUg3,FhVJhW1Q9equulST3g,53619,80,HTTP,0,(empty),application/soap+xml,-,0.0,T,T,487,487,0,0,F,-,-,-,-,-,-,-,D-LinkCam
CdiWf93FVFqVdeOUg3,FDymds34iCsLobxIrb,53619,80,HTTP,0,(empty),application/soap+xml,-,0.0,T,F,350,350,0,0,F,-,-,-,-,-,-,-,D-LinkCam
CfpwDt04usob6J7Dd,Fe4slE2lo4KcAjMVii,37894,80,HTTP,0,(empty),application/soap+xml,-,0.0,T,T,363,363,0,0,F,-,-,-,-,-,-,-,D-LinkCam
CfpwDt04usob6J7Dd,F6wWWu17UXhPLGyfxb,37894,80,HTTP,0,(empty),application/soap+xml,-,0.000673,T,F,2424,2424,0,0,F,-,-,-,-,-,-,-,D-LinkCam
CJXFfn2emo2ZcgcBOb,FmD0gh3NcrDTfZQq29,52650,80,HTTP,0,(empty),application/soap+xml,-,0.0,T,T,692,692,0,0,F,-,-,-,-,-,-,-,D-LinkCam
CJXFfn2emo2ZcgcBOb,FEpjdK2KzKaoWLE7Il,52650,80,HTTP,0,(empty),application/soap+xml,-,0.0,T,F,393,393,0,0,F,-,-,-,-,-,-,-,D-LinkCam
CpYeDAIRN72E6wvq1,FcY6r91Scrm7R0wxQ3,52993,80,HTTP,0,(empty),application/soap+xml,-,0.0,T,T,457,457,0,0,F,-,-,-,-,-,-,-,D-LinkCam
CpYeDAIRN72E6wvq1,FrFLfVtLI6d1ucXh9,52993,80,HTTP,0,(empty),application/soap+xml,-,0.0,T,F,458,458,0,0,F,-,-,-,-,-,-,-,D-LinkCam
Cwvrc14XvNy6o7wR9h,FE3SxfIvnIVOLk4lb,45077,80,HTTP,0,(empty),application/soap+xml,-,0.0,T,T,487,487,0,0,F,-,-,-,-,-,-,-,D-LinkCam
Cwvrc14XvNy6o7wR9h,FAERWP1R2D2cc8Gz0i,45077,80,HTTP,0,(empty),application/soap+xml,-,0.0,T,F,350,350,0,0,F,-,-,-,-,-,-,-,D-LinkCam
C8glJX1MViumUpJUrc,FqSZ1AE2X3uHfLtR1,46188,80,HTTP,0,(empty),application/soap+xml,-,0.0,T,T,363,363,0,0,F,-,-,-,-,-,-,-,D-LinkCam
C8glJX1MViumUpJUrc,FVAoQycenZcYN0OUh,46188,80,HTTP,0,(empty),application/soap+xml,-,0.000232,T,F,2424,2424,0,0,F,-,-,-,-,-,-,-,D-LinkCam
CaIFoMkQTIzWVi2ve,FAZg1s3bezPIJ6vP1c,38652,80,HTTP,0,(empty),application/soap+xml,-,0.0,T,T,690,690,0,0,F,-,-,-,-,-,-,-,D-LinkCam
CaIFoMkQTIzWVi2ve,Flsv24wcC0gl03Kba,38652,80,HTTP,0,(empty),application/soap+xml,-,0.0,T,F,393,393,0,0,F,-,-,-,-,-,-,-,D-LinkCam
CT41bQ1JV7jbQ8ptFh,F8LdgI392LmNrtCFZb,38436,80,HTTP,0,(empty),application/soap+xml,-,0.0,T,T,364,364,0,0,F,-,-,-,-,-,-,-,D-LinkCam
CT41bQ1JV7jbQ8ptFh,Ff8oIgAU1hualnD31,38436,80,HTTP,0,(empty),application/soap+xml,-,0.0,T,F,885,885,0,0,F,-,-,-,-,-,-,-,D-LinkCam
CpkaY542kPkMHdQ2Zb,FQtYvx2EfMYMwcvURa,55197,80,HTTP,0,(empty),application/soap+xml,-,0.0,T,T,529,529,0,0,F,-,-,-,-,-,-,-,D-LinkCam
CpkaY542kPkMHdQ2Zb,FWQeqk2thKTS75K8Oi,55197,80,HTTP,0,(empty),application/soap+xml,-,0.0,T,F,397,397,0,0,F,-,-,-,-,-,-,-,D-LinkCam
CNJgGnYMkjhvly0Gj,FSd2km3SG6qHSXzCk6,35068,80,HTTP,0,(empty),application/soap+xml,-,0.0,T,T,363,363,0,0,F,-,-,-,-,-,-,-,D-LinkCam
CNJgGnYMkjhvly0Gj,FtQHTOf8OPJHvSu9b,35068,80,HTTP,0,(empty),application/soap+xml,-,0.0,T,F,559,559,0,0,F,-,-,-,-,-,-,-,D-LinkCam
CRXPkE4QykcMxCawg2,F4RdFw1bWKjdrsuA76,35611,80,HTTP,0,(empty),application/soap+xml,-,0.0,T,T,539,539,0,0,F,-,-,-,-,-,-,-,D-LinkCam
CRXPkE4QykcMxCawg2,FASeMl4r5ZksPTveo3,35611,80,HTTP,0,(empty),application/soap+xml,-,0.0,T,F,377,377,0,0,F,-,-,-,-,-,-,-,D-LinkCam
COYx5j4iSAKgrhpQGf,FKMfk51tq5LgJBMqle,62997,80,HTTP,0,(empty),-,-,0.0,F,F,1,-,0,0,F,-,-,-,-,-,-,-,Aria
C1oqkISfTkXG3Bfug,FOm6VZ1M1rwSdile7k,60366,80,HTTP,0,(empty),-,-,0.0,T,T,48,48,0,0,F,-,-,-,-,-,-,-,Aria
C1oqkISfTkXG3Bfug,F0VJ4V20UjNfZkSIzb,60366,80,HTTP,0,(empty),-,-,0.0,F,F,104,104,0,0,F,-,-,-,-,-,-,-,Aria
CEfoTL13UPtajJTf49,F3vw6f5aATseNI8k9,49860,80,HTTP,0,(empty),-,-,0.0,F,F,9,9,0,0,F,-,-,-,-,-,-,-,D-LinkWaterSensor
CoPZRk1dWcWiVR8Zze,FjuTgk2j6SfsOtHLdf,45396,80,HTTP,0,(empty),text/plain,-,0.0,F,F,32,32,0,0,F,-,-,-,-,-,-,-,D-LinkWaterSensor
CNhU4N3042R9BdUdO7,FNCDne4IruzyCeefx5,54178,80,HTTP,0,(empty),text/plain,-,0.0,F,F,310,310,0,0,F,-,-,-,-,-,-,-,D-LinkWaterSensor
CJhUW44X838nf1G0S2,Ftcf4S2ejlInRnhSGk,45996,80,HTTP,0,(empty),application/x-executable,-,3.297106,F,F,196060,196060,0,0,F,-,-,-,-,-,-,-,D-LinkWaterSensor
C3O6hX1DK9Dx3OXoJe,FDNdDIZXV4cmyTWqg,52582,80,HTTP,0,(empty),application/xml,-,0.0,F,F,497,497,0,0,F,-,-,-,-,-,-,-,D-LinkSwitch
CwktMh1nav4JZVTCK6,FhCnxOCXzimXCuEDl,38412,80,HTTP,0,(empty),text/plain,-,0.0,F,F,32,32,0,0,F,-,-,-,-,-,-,-,D-LinkSwitch
CWIjx8obIv3cg3lK6,F7hsyp1FdRMMW7Tv9k,34793,80,HTTP,0,(empty),text/plain,-,0.0,F,F,310,310,0,0,F,-,-,-,-,-,-,-,D-LinkSwitch
C2qXdo4CGMRTsG0AEh,FySve14z2DsNoxylLl,36681,80,HTTP,0,(empty),application/x-executable,-,3.343961,F,F,196060,196060,0,0,F,-,-,-,-,-,-,-,D-LinkSwitch
CrTQEM3gM5pTm4Z7Oh,Fkkxz226ioXlptNxc2,40382,80,HTTP,0,(empty),application/xml,-,0.0,F,F,496,496,0,0,F,-,-,-,-,-,-,-,D-LinkSensor
CFrTqI3YcOIecU47N9,FaMDRr3kaOhuy0v1ri,41041,80,HTTP,0,(empty),text/plain,-,0.0,F,F,32,32,0,0,F,-,-,-,-,-,-,-,D-LinkSensor
CIP7DI31NnFM9tA8q4,FC9f6ZsZV8uWA5TWf,48250,80,HTTP,0,(empty),text/plain,-,0.0,F,F,310,310,0,0,F,-,-,-,-,-,-,-,D-LinkSensor
CGwndA4r40VQLooF3i,Fw701g85gXTSes7e6,58813,80,HTTP,0,(empty),application/x-executable,-,2.6383,F,F,253504,253504,0,0,F,-,-,-,-,-,-,-,D-LinkSensor
CabpYx3a3g5B7flhZf,FVGc504Mr4zGaQ3vE7,54141,10000,HTTP,0,(empty),application/xml,-,0.0,T,T,212,212,0,0,F,-,-,-,-,-,-,-,EdimaxPlug1101W
CabpYx3a3g5B7flhZf,FXOB7y2HnzYu6lG6u3,54141,10000,HTTP,0,(empty),application/xml,-,0.0,T,F,217,217,0,0,F,-,-,-,-,-,-,-,EdimaxPlug1101W
CYN2Gu1xlYb511MrM7,FsR2En1HbAibBOtNK2,50378,10000,HTTP,0,(empty),application/xml,-,0.0,T,T,212,212,0,0,F,-,-,-,-,-,-,-,EdimaxPlug1101W
CYN2Gu1xlYb511MrM7,FQmO6m1J5seGbiyFa,50378,10000,HTTP,0,(empty),application/xml,-,0.0,T,F,217,217,0,0,F,-,-,-,-,-,-,-,EdimaxPlug1101W
CgkbU83x9OyOhDRcN,Fec3Xl1VeGyPDOYCmg,55868,80,HTTP,0,(empty),-,-,0.0,F,F,9,9,0,0,F,-,-,-,-,-,-,-,D-LinkSiren
CKugvg1wP8cJu4DYl5,F0MFjk4x8Ku7MosZH3,36245,80,HTTP,0,(empty),text/plain,-,0.0,F,F,32,32,0,0,F,-,-,-,-,-,-,-,D-LinkSiren
CZScsosYEjYyvGZI7,FRf4w41otvLcGkfek6,43929,80,HTTP,0,(empty),text/plain,-,0.0,F,F,310,310,0,0,F,-,-,-,-,-,-,-,D-LinkSiren
CHMKSv3JXdPZInbHX8,FHx8Cj2TtKOEU0oPil,53742,80,HTTP,0,(empty),application/x-executable,-,1.976679,F,F,196060,196060,0,0,F,-,-,-,-,-,-,-,D-LinkSiren
CVnmVZ2ehu0FTWYEZ2,FTmqao1DJYRxqsFiGk,3391,8899,HTTP,0,(empty),text/plain,-,0.0,T,T,549,549,0,0,F,-,-,-,-,-,-,-,WeMoSwitch2
CVnmVZ2ehu0FTWYEZ2,FapPATeLEEebRWk96,3391,8899,HTTP,0,(empty),text/plain,-,0.0,F,F,67,67,0,0,F,-,-,-,-,-,-,-,WeMoSwitch2
CCrkEvWZ6ZgKlfP48,Fe0s0s2bfsopwwoRKa,57229,10000,HTTP,0,(empty),application/xml,-,0.0,T,T,300,300,0,0,F,-,-,-,-,-,-,-,EdimaxPlug2101W
CCrkEvWZ6ZgKlfP48,Fj652bamNQ57HVKH,57229,10000,HTTP,0,(empty),application/xml,-,0.0,T,F,318,318,0,0,F,-,-,-,-,-,-,-,EdimaxPlug2101W
CUlDtA2E2lig7D3PP1,FkJknF435i8qW3gFi,57063,10000,HTTP,0,(empty),application/xml,-,0.0,T,T,212,212,0,0,F,-,-,-,-,-,-,-,EdimaxPlug2101W
CUlDtA2E2lig7D3PP1,FR21BZ2pSHRXgSOdph,57063,10000,HTTP,0,(empty),application/xml,-,0.0,T,F,217,217,0,0,F,-,-,-,-,-,-,-,EdimaxPlug2101W
C2OwoJ2VyrRj2mngme,F6tBtm5VXX2QzoC7g,34354,10000,HTTP,0,(empty),application/xml,-,0.0,T,T,212,212,0,0,F,-,-,-,-,-,-,-,EdimaxPlug2101W
C2OwoJ2VyrRj2mngme,FXpEbnRvO8pM6Oude,34354,10000,HTTP,0,(empty),application/xml,-,0.0,T,F,217,217,0,0,F,-,-,-,-,-,-,-,EdimaxPlug2101W
C9XOQO2rySIDRyei5b,FUxfk6okJIgM6Uv3i,36245,10000,HTTP,0,(empty),application/xml,-,0.0,T,T,212,212,0,0,F,-,-,-,-,-,-,-,EdimaxPlug2101W
C9XOQO2rySIDRyei5b,FlJ800177o1yxOz9ob,36245,10000,HTTP,0,(empty),application/xml,-,0.0,T,F,217,217,0,0,F,-,-,-,-,-,-,-,EdimaxPlug2101W
CON75m41nDEymK5F2i,FwrdvH3HqkfXgKxnDe,34506,10000,HTTP,0,(empty),application/xml,-,0.0,T,T,212,212,0,0,F,-,-,-,-,-,-,-,EdimaxPlug2101W
CON75m41nDEymK5F2i,Ff3B8scSJ49X20L5g,34506,10000,HTTP,0,(empty),application/xml,-,0.0,T,F,217,217,0,0,F,-,-,-,-,-,-,-,EdimaxPlug2101W
ClAyfw4NSVKSIR7nfa,FGZ4BS1QhYr7CIOSc,48847,80,HTTP,0,(empty),text/html,-,2.5e-05,F,F,1293,1293,0,0,F,-,-,-,-,-,-,-,HueBridge
ClAyfw4NSVKSIR7nfa,FwL7w03rIjfPCGZN8i,48847,80,HTTP,0,(empty),-,-,0.0,T,T,608,608,0,0,F,-,-,-,-,-,-,-,HueBridge
ClAyfw4NSVKSIR7nfa,FyDQYHXxYo2nlELU5,48847,80,HTTP,0,(empty),-,-,2e-05,F,F,832,832,0,0,F,-,-,-,-,-,-,-,HueBridge
ClAyfw4NSVKSIR7nfa,FgFfbVEqUrjNteOqe,48847,80,HTTP,0,(empty),-,-,0.0,T,T,624,624,0,0,F,-,-,-,-,-,-,-,HueBridge
ClAyfw4NSVKSIR7nfa,FWNqpC4W2OcscrN3qe,48847,80,HTTP,0,(empty),-,-,2.6e-05,F,F,2016,2016,0,0,F,-,-,-,-,-,-,-,HueBridge
ClOuXB2uo8ruYfmGTl,FkKp7m1TU7HUqRmjn,48848,80,HTTP,0,(empty),-,-,0.0,T,T,576,576,0,0,F,-,-,-,-,-,-,-,HueBridge
ClOuXB2uo8ruYfmGTl,FhQI8azbnHzyCASt8,48848,80,HTTP,0,(empty),-,-,0.0,F,F,544,544,0,0,F,-,-,-,-,-,-,-,HueBridge
Cv0aAfxmaLRDl4pOc,FYqZEehiLoTqNYtEl,48849,80,HTTP,0,(empty),-,-,0.0,T,T,592,592,0,0,F,-,-,-,-,-,-,-,HueBridge
Cv0aAfxmaLRDl4pOc,FTDQ8n2fzq1xOvAHH3,48849,80,HTTP,0,(empty),-,-,0.0,F,F,672,672,0,0,F,-,-,-,-,-,-,-,HueBridge
C2LVz14hGD0xZwkkGg,FLHkxe271KamyO1JW5,36845,80,HTTP,0,(empty),-,-,0.0,T,T,1120,1120,0,0,F,-,-,-,-,-,-,-,HueBridge
C2LVz14hGD0xZwkkGg,F6TLl413WNnsHjaRIl,36845,80,HTTP,0,(empty),-,-,0.0,F,F,560,560,0,0,F,-,-,-,-,-,-,-,HueBridge
ChYVNV2aVTzQTaRE2d,FirCSF1x6FuAEUGtO,36846,80,HTTP,0,(empty),-,-,0.0,T,T,1024,1024,0,0,F,-,-,-,-,-,-,-,HueBridge
ChYVNV2aVTzQTaRE2d,FKdeDr2oOjifFIR7Ed,36846,80,HTTP,0,(empty),-,-,0.0,F,F,560,560,0,0,F,-,-,-,-,-,-,-,HueBridge
CxMO9d4Or1qjPlucJh,FfiTgs3strKYsbhqV3,38435,80,HTTP,0,(empty),text/json,-,0.0,T,F,70,-,0,0,F,-,-,-,-,-,-,-,HueBridge
CB31oP34FDac3AKmY1,FypqKz1satkNUoY83l,39665,80,HTTP,0,(empty),text/json,-,0.0,T,T,37,37,0,0,F,-,-,-,-,-,-,-,HueBridge
CB31oP34FDac3AKmY1,F0YnMW3N0Gx0gASWph,39665,80,HTTP,0,(empty),text/json,-,0.0,T,F,78,-,0,0,F,-,-,-,-,-,-,-,HueBridge
CR9eVqAWeP1QFK9w7,F21Fth3RO4JsHiCTLb,59660,80,HTTP,0,(empty),text/json,-,0.0,T,T,37,37,0,0,F,-,-,-,-,-,-,-,HueBridge
CR9eVqAWeP1QFK9w7,FWiG1izAg8c4rpFki,59660,80,HTTP,0,(empty),text/json,-,0.0,T,F,78,-,0,0,F,-,-,-,-,-,-,-,HueBridge
CxjyTdal9IdlRRaC6,FXnhr8NUKQ5kowVWd,58629,80,HTTP,0,(empty),text/json,-,0.0,T,T,37,37,0,0,F,-,-,-,-,-,-,-,HueBridge
CxjyTdal9IdlRRaC6,FuFIhO2ZJgN5DLEwIc,58629,80,HTTP,0,(empty),text/json,-,0.0,T,F,78,-,0,0,F,-,-,-,-,-,-,-,HueBridge
Cq0X4d2DWaV1NMpr3c,FNCWGE47Hqn1U7kE4a,40608,80,HTTP,0,(empty),text/plain,-,0.0,T,T,128,-,0,0,F,-,-,-,-,-,-,-,HueBridge
Cq0X4d2DWaV1NMpr3c,FjernaZ8TtLLbGBJ4,40608,80,HTTP,0,(empty),text/plain,-,0.0,F,F,32,32,0,0,F,-,-,-,-,-,-,-,HueBridge
CfRxmfVMvoKQKHcKb,Fefl9l2q4xKTDWuRJ9,36848,80,HTTP,0,(empty),-,-,0.0,T,T,1040,1040,0,0,F,-,-,-,-,-,-,-,HueBridge
CfRxmfVMvoKQKHcKb,FcrWhh4PA1zqzx6vW7,36848,80,HTTP,0,(empty),-,-,0.0,F,F,560,560,0,0,F,-,-,-,-,-,-,-,HueBridge
CqnhK6KbdP9ul1vDb,FJxdNL3Ss7n46XlQZb,56386,80,HTTP,0,(empty),text/json,-,0.0,T,T,37,37,0,0,F,-,-,-,-,-,-,-,HueBridge
CqnhK6KbdP9ul1vDb,FkmqVRBJMVsSDHSYg,56386,80,HTTP,0,(empty),text/json,-,0.002308,T,F,61,-,0,0,F,-,-,-,-,-,-,-,HueBridge
CDnaU41eQMrgAJJk6g,F1bzAh3pHlZI56Z7H6,33193,80,HTTP,0,(empty),text/json,-,0.006886,T,F,1174,-,0,0,F,-,-,-,-,-,-,-,HueBridge
CeNjHC1oUHwoUgtUj9,FXSW2F1sud6e7WUC7,36470,80,HTTP,0,(empty),text/json,-,0.004453,T,F,1174,-,0,0,F,-,-,-,-,-,-,-,HueBridge
C6cSlg41A9bQJYonHg,FOXYtI1zjeDOXxIKZa,46738,80,HTTP,0,(empty),text/json,-,0.0,T,T,28,28,0,0,F,-,-,-,-,-,-,-,HueBridge
C6cSlg41A9bQJYonHg,FiDXKa3NK9MJqVaLd3,46738,80,HTTP,0,(empty),text/json,-,0.005941,T,F,50,-,0,0,F,-,-,-,-,-,-,-,HueBridge
CQlsIQ1dZa5HfmoUE5,Fe84wR38zSN1xr9aTb,40610,80,HTTP,0,(empty),text/plain,-,0.0,T,T,128,-,0,0,F,-,-,-,-,-,-,-,HueBridge
CQlsIQ1dZa5HfmoUE5,F3yujE3GFvFXuFWX0i,40610,80,HTTP,0,(empty),text/plain,-,0.0,F,F,32,32,0,0,F,-,-,-,-,-,-,-,HueBridge
COtUI5463D9GSwKCO8,FDeoes2d253rqEvaB9,42923,80,HTTP,0,(empty),text/json,-,0.0,T,F,53,-,0,0,F,-,-,-,-,-,-,-,HueBridge
C4XKgn4VqJZd0vYp4c,FYDCY02NaznSk3FZo7,51737,80,HTTP,0,(empty),text/json,-,0.0,T,F,22,-,0,0,F,-,-,-,-,-,-,-,HueBridge
CDBuFJKKOIOPMKRw3,FO9Uo1dh39TIdgDw8,40611,80,HTTP,0,(empty),text/plain,-,0.0,T,T,128,-,0,0,F,-,-,-,-,-,-,-,HueBridge
CDBuFJKKOIOPMKRw3,FFLivC147AWiR9vZE7,40611,80,HTTP,0,(empty),text/plain,-,0.0,F,F,32,32,0,0,F,-,-,-,-,-,-,-,HueBridge
CRtqJ1U5D4rIpMM4k,FGq1av2OQmvUrIw532,58590,80,HTTP,0,(empty),text/json,-,0.0,T,F,22,-,0,0,F,-,-,-,-,-,-,-,HueBridge
CF6ljhkc322ubU8Ti,FgAmtW3b4Gcl7blWG9,40612,80,HTTP,0,(empty),text/plain,-,0.0,T,T,128,-,0,0,F,-,-,-,-,-,-,-,HueBridge
CF6ljhkc322ubU8Ti,FZUa4i3QqQnsFWEJn5,40612,80,HTTP,0,(empty),text/plain,-,0.0,F,F,32,32,0,0,F,-,-,-,-,-,-,-,HueBridge
CrfHA21i5YAM3sXVya,FTSdyl38A5PPTI4u5a,55983,80,HTTP,0,(empty),text/json,-,0.0,T,F,22,-,0,0,F,-,-,-,-,-,-,-,HueBridge
Crom0s1kfHt7Zp7Jil,F15svE1mMK4ZTxczd,40613,80,HTTP,0,(empty),text/plain,-,0.0,T,T,128,-,0,0,F,-,-,-,-,-,-,-,HueBridge
Crom0s1kfHt7Zp7Jil,FAICQGGf6NLlInOz,40613,80,HTTP,0,(empty),text/plain,-,0.0,F,F,32,32,0,0,F,-,-,-,-,-,-,-,HueBridge
Ccid9r4zAY3nIcAe99,Fwhtfe4dygXRXzPOJk,34120,80,HTTP,0,(empty),text/json,-,0.0,T,F,22,-,0,0,F,-,-,-,-,-,-,-,HueBridge
Cy7szT10Q8Bfq4Q5wd,FtKTNx1RWHoQT2fKng,40614,80,HTTP,0,(empty),text/plain,-,0.0,T,T,128,-,0,0,F,-,-,-,-,-,-,-,HueBridge
Cy7szT10Q8Bfq4Q5wd,Fy45Vm4nmLpr0svbIc,40614,80,HTTP,0,(empty),text/plain,-,0.0,F,F,32,32,0,0,F,-,-,-,-,-,-,-,HueBridge
CeJOdp19tpeJRROEq9,FhLWKW3PFb5RrrH6n,45717,80,HTTP,0,(empty),text/json,-,0.0,T,F,22,-,0,0,F,-,-,-,-,-,-,-,HueBridge
CBmVe33JqfrpN4kzb4,FNya7f2RQM2uzM1Xyl,43735,80,HTTP,0,(empty),text/json,-,0.003022,T,F,1198,-,0,0,F,-,-,-,-,-,-,-,HueBridge
CnEsW81x8nni7Cfk1f,FVWsya36TiXrZxA6Eg,40615,80,HTTP,0,(empty),text/plain,-,0.0,T,T,128,-,0,0,F,-,-,-,-,-,-,-,HueBridge
CnEsW81x8nni7Cfk1f,Fql2bn43xHm1y9wTid,40615,80,HTTP,0,(empty),text/plain,-,0.0,F,F,32,32,0,0,F,-,-,-,-,-,-,-,HueBridge
C4uQrd1IETh3SCHR0i,F21pzuhWuMYUqCiU4,47652,80,HTTP,0,(empty),text/json,-,0.0,T,F,22,-,0,0,F,-,-,-,-,-,-,-,HueBridge
CfNF24nymmQ0DEOKa,FbhNgD3edLJejDoLz7,40616,80,HTTP,0,(empty),text/plain,-,0.0,T,T,128,-,0,0,F,-,-,-,-,-,-,-,HueBridge
CfNF24nymmQ0DEOKa,FbtCvR1ecGnqXl2Yp3,40616,80,HTTP,0,(empty),text/plain,-,0.0,F,F,32,32,0,0,F,-,-,-,-,-,-,-,HueBridge
CatBKD2F0X0Dv222lg,FDO5JY47gEBYsUCff,52379,80,HTTP,0,(empty),text/json,-,0.0,T,F,22,-,0,0,F,-,-,-,-,-,-,-,HueBridge
CCTvf791hc3EeDyb5,Fpdn803xZ934lzYBTa,40617,80,HTTP,0,(empty),text/plain,-,0.0,T,T,128,-,0,0,F,-,-,-,-,-,-,-,HueBridge
CCTvf791hc3EeDyb5,F2Siuu391eL6KbVFTe,40617,80,HTTP,0,(empty),text/plain,-,0.0,F,F,32,32,0,0,F,-,-,-,-,-,-,-,HueBridge
CWEbzk2Ot5aRoEhNg7,FucZuZ2p90mPdkFHy9,36329,80,HTTP,0,(empty),text/json,-,0.0,T,F,22,-,0,0,F,-,-,-,-,-,-,-,HueBridge
CibHLd2vSBUnE3ZHRi,FlG6R33GXE3i4rnGga,40618,80,HTTP,0,(empty),text/plain,-,0.0,T,T,128,-,0,0,F,-,-,-,-,-,-,-,HueBridge
CibHLd2vSBUnE3ZHRi,FdOU2m3tboAsmAJDKa,40618,80,HTTP,0,(empty),text/plain,-,0.0,F,F,32,32,0,0,F,-,-,-,-,-,-,-,HueBridge
CyUdhv3SisvjafmJI5,FR7LAdX6Z7AwvaWwf,56463,80,HTTP,0,(empty),text/json,-,0.0,T,F,22,-,0,0,F,-,-,-,-,-,-,-,HueBridge
C7npLAdTK2NFaMq6e,Fhb1Bp1b7ZyDboe6al,40619,80,HTTP,0,(empty),text/plain,-,0.0,T,T,128,-,0,0,F,-,-,-,-,-,-,-,HueBridge
C7npLAdTK2NFaMq6e,Fph39O3rVLw1dJmAs1,40619,80,HTTP,0,(empty),text/plain,-,0.0,F,F,32,32,0,0,F,-,-,-,-,-,-,-,HueBridge
CIQxpz3IitAgTtverd,FWn7iB200uojeY5kW7,41169,80,HTTP,0,(empty),text/json,-,0.003274,T,F,1198,-,0,0,F,-,-,-,-,-,-,-,HueBridge
CD2i8u2qhxoITV8uha,Fo4qlr4GbveuIeVkz3,39308,80,HTTP,0,(empty),text/json,-,0.0,T,F,22,-,0,0,F,-,-,-,-,-,-,-,HueBridge
CR6GA43i2yXJ2rnQL6,FaZNCCdVDKztlcSqe,40620,80,HTTP,0,(empty),text/plain,-,0.0,T,T,128,-,0,0,F,-,-,-,-,-,-,-,HueBridge
CR6GA43i2yXJ2rnQL6,FfqVyRKKuKXL20MDe,40620,80,HTTP,0,(empty),text/plain,-,0.0,F,F,32,32,0,0,F,-,-,-,-,-,-,-,HueBridge
CDi8sd2V0Sq3mWx96h,FtTnJj46pL0intyOTl,45681,80,HTTP,0,(empty),text/json,-,0.0,T,F,22,-,0,0,F,-,-,-,-,-,-,-,HueBridge
CgpIs035lV52079jc8,FhKfOt4N3ic4iaX2B5,40621,80,HTTP,0,(empty),text/plain,-,0.0,T,T,128,-,0,0,F,-,-,-,-,-,-,-,HueBridge
CgpIs035lV52079jc8,F2lGmn2uSlj8d74qDb,40621,80,HTTP,0,(empty),text/plain,-,0.0,F,F,32,32,0,0,F,-,-,-,-,-,-,-,HueBridge
C7doI5JHR3uaUa5gd,FJKbyR15z7OZLNOuM6,45125,80,HTTP,0,(empty),text/json,-,0.0,T,F,22,-,0,0,F,-,-,-,-,-,-,-,HueBridge
CWHWd63brKL2SemLK3,FYP2KH13jM2HrllY41,40622,80,HTTP,0,(empty),text/plain,-,0.0,T,T,128,-,0,0,F,-,-,-,-,-,-,-,HueBridge
CWHWd63brKL2SemLK3,FzHV1X3c88oByRVp4,40622,80,HTTP,0,(empty),text/plain,-,0.0,F,F,32,32,0,0,F,-,-,-,-,-,-,-,HueBridge
Ckqep64qqW7Ltkkqyg,FBGdoBPbWQfWliXH3,34405,80,HTTP,0,(empty),text/json,-,0.0,T,F,22,-,0,0,F,-,-,-,-,-,-,-,HueBridge
CP6chD1s2WOwcJNngj,FjlOZn4ZchS8ljkICi,40623,80,HTTP,0,(empty),text/plain,-,0.0,T,T,128,-,0,0,F,-,-,-,-,-,-,-,HueBridge
CP6chD1s2WOwcJNngj,FzfnDn3ZPqr7UiI9Tg,40623,80,HTTP,0,(empty),text/plain,-,0.0,F,F,32,32,0,0,F,-,-,-,-,-,-,-,HueBridge
C92fEgrhJIpikai6h,FXx68I1Lsc571emVl8,36930,80,HTTP,0,(empty),text/json,-,0.0,T,F,22,-,0,0,F,-,-,-,-,-,-,-,HueBridge
C1JpkV1dJicDwa6l47,FlzqAMrgi9CT3Egcf,36863,80,HTTP,0,(empty),-,-,0.0,T,T,1040,1040,0,0,F,-,-,-,-,-,-,-,HueBridge
C1JpkV1dJicDwa6l47,FEHiJx1rn9sLIOIWXl,36863,80,HTTP,0,(empty),-,-,0.0,F,F,560,560,0,0,F,-,-,-,-,-,-,-,HueBridge
CdFUmq1Aw0H1YTe46k,FZKQVT1rVJG4wt7Xg7,40625,80,HTTP,0,(empty),text/plain,-,0.0,T,T,128,-,0,0,F,-,-,-,-,-,-,-,HueBridge
CdFUmq1Aw0H1YTe46k,F45bpf1Tcsj8BhExA1,40625,80,HTTP,0,(empty),text/plain,-,0.0,F,F,32,32,0,0,F,-,-,-,-,-,-,-,HueBridge
CLFfyZ17vu4zF7pysk,FYpHgA24ZTrhgQzfBb,52797,80,HTTP,0,(empty),text/json,-,0.002243,T,F,1199,-,0,0,F,-,-,-,-,-,-,-,HueBridge
C4n9xf1eoLfySMugga,FIURn03dbcd56Kzs1a,53609,80,HTTP,0,(empty),text/json,-,0.0,T,F,22,-,0,0,F,-,-,-,-,-,-,-,HueBridge
CBvANg3Ueie8IbHAQg,FCB6yQ24AZYGPUhPac,40626,80,HTTP,0,(empty),text/plain,-,0.0,T,T,128,-,0,0,F,-,-,-,-,-,-,-,HueBridge
CBvANg3Ueie8IbHAQg,FctZms1OZIikQ9Mjz5,40626,80,HTTP,0,(empty),text/plain,-,0.0,F,F,32,32,0,0,F,-,-,-,-,-,-,-,HueBridge
CAOBHl3Do31i032THk,FWwlWaB5DFpa5pMof,51975,80,HTTP,0,(empty),text/json,-,0.0,T,F,22,-,0,0,F,-,-,-,-,-,-,-,HueBridge
Cr21s73Pc3rCzJ25t6,FQkBAt1ddW7f5tYJJh,40627,80,HTTP,0,(empty),text/plain,-,0.0,T,T,128,-,0,0,F,-,-,-,-,-,-,-,HueBridge
Cr21s73Pc3rCzJ25t6,F7x8392jTYJ2NsEOGg,40627,80,HTTP,0,(empty),text/plain,-,0.0,F,F,32,32,0,0,F,-,-,-,-,-,-,-,HueBridge
CipinVq0Fs9LRYuha,FPd1im4WhI1Z6QoYx1,57249,80,HTTP,0,(empty),text/json,-,0.0,T,F,22,-,0,0,F,-,-,-,-,-,-,-,HueBridge
CLuaFX1RaZILiJmv29,FhCOxH3mpxXkhZXup,40628,80,HTTP,0,(empty),text/plain,-,0.0,T,T,128,-,0,0,F,-,-,-,-,-,-,-,HueBridge
CLuaFX1RaZILiJmv29,FdKNGW1TMDFEdfOTie,40628,80,HTTP,0,(empty),text/plain,-,0.0,F,F,32,32,0,0,F,-,-,-,-,-,-,-,HueBridge
CN6Iua1ccD0OG7ueDi,FGedi34ZoS3zqUZHt,39147,80,HTTP,0,(empty),text/json,-,0.0,T,F,22,-,0,0,F,-,-,-,-,-,-,-,HueBridge
CImPN52okVbEal7WCe,F6Xky34Xs0soZcUpOg,40629,80,HTTP,0,(empty),text/plain,-,0.0,T,T,128,-,0,0,F,-,-,-,-,-,-,-,HueBridge
CImPN52okVbEal7WCe,FpsvGS3nGLrypyQNcj,40629,80,HTTP,0,(empty),text/plain,-,0.0,F,F,32,32,0,0,F,-,-,-,-,-,-,-,HueBridge
ChOvRs31wCMlgXOVU,FeNnpG1973vqSgKpdd,59988,80,HTTP,0,(empty),text/json,-,0.0,T,F,22,-,0,0,F,-,-,-,-,-,-,-,HueBridge
CLGe3B2GDpIDnjwy4,FM2DX93RVOWGzTAU2g,40630,80,HTTP,0,(empty),text/plain,-,0.0,T,T,128,-,0,0,F,-,-,-,-,-,-,-,HueBridge
CLGe3B2GDpIDnjwy4,FyWMUb2QNwiiCyd9B9,40630,80,HTTP,0,(empty),text/plain,-,0.0,F,F,32,32,0,0,F,-,-,-,-,-,-,-,HueBridge
CF7EOhsDUyENOvtrb,FOTkj1416gY5uIvQa7,54015,80,HTTP,0,(empty),text/json,-,0.001522,T,F,1199,-,0,0,F,-,-,-,-,-,-,-,HueBridge
CfcxXY1TQwfnVNreR9,F90UtZmo2KKmZxxlg,33774,80,HTTP,0,(empty),text/json,-,0.0,T,F,22,-,0,0,F,-,-,-,-,-,-,-,HueBridge
ChjYIM1gYBECiJAVc7,FAyFeO2dWjIeGOsVN9,40631,80,HTTP,0,(empty),text/plain,-,0.0,T,T,128,-,0,0,F,-,-,-,-,-,-,-,HueBridge
ChjYIM1gYBECiJAVc7,FZnO9v2BlNUBKosHKg,40631,80,HTTP,0,(empty),text/plain,-,0.0,F,F,32,32,0,0,F,-,-,-,-,-,-,-,HueBridge
CfJXHY2z4VImrYcsQ6,FYdK3wZse0EGaU255,36192,80,HTTP,0,(empty),text/json,-,0.0,T,F,22,-,0,0,F,-,-,-,-,-,-,-,HueBridge
CZXNM5WzF2ncYehu6,FffzFe1GetZIdSJPbb,40632,80,HTTP,0,(empty),text/plain,-,0.0,T,T,128,-,0,0,F,-,-,-,-,-,-,-,HueBridge
CZXNM5WzF2ncYehu6,FRlaBu4dLk3IKYSsBi,40632,80,HTTP,0,(empty),text/plain,-,0.0,F,F,32,32,0,0,F,-,-,-,-,-,-,-,HueBridge
CXlmG84NNKcCqSCKFh,FsCFlg3iXp6kfisHO7,58618,80,HTTP,0,(empty),text/json,-,0.0,T,F,68,-,0,0,F,-,-,-,-,-,-,-,HueBridge
C1yhlA4ruHYqf5WL41,FpFdXz3zv86PMkCJk3,40633,80,HTTP,0,(empty),text/plain,-,0.0,T,T,128,-,0,0,F,-,-,-,-,-,-,-,HueBridge
C1yhlA4ruHYqf5WL41,Fk1EWR1Ux9rVOd7KQ5,40633,80,HTTP,0,(empty),text/plain,-,0.0,F,F,32,32,0,0,F,-,-,-,-,-,-,-,HueBridge
CLDZAk4aIoZDKYbSEd,FGLMw74OWxtGuYF5Yk,40634,80,HTTP,0,(empty),text/plain,-,0.0,T,T,128,-,0,0,F,-,-,-,-,-,-,-,HueBridge
CLDZAk4aIoZDKYbSEd,FO5dI83YBnhKWdJ5f4,40634,80,HTTP,0,(empty),text/plain,-,0.0,F,F,32,32,0,0,F,-,-,-,-,-,-,-,HueBridge
CU7kr73OL50VSzLXv3,FVPAuh2bT5CfIMFCTc,48270,80,HTTP,0,(empty),text/json,-,0.000764,T,F,1553,-,0,0,F,-,-,-,-,-,-,-,HueBridge
CFNdLZ3SHpOsx8HJcj,FVYAF1gSVLcVV6oR,40635,80,HTTP,0,(empty),text/plain,-,0.0,T,T,128,-,0,0,F,-,-,-,-,-,-,-,HueBridge
CFNdLZ3SHpOsx8HJcj,FaM9ov23Mf3ZyGR3Sh,40635,80,HTTP,0,(empty),text/plain,-,0.0,F,F,32,32,0,0,F,-,-,-,-,-,-,-,HueBridge
CHtwWAKAx0K2zYJWh,FYCgMTC3p5qZ03uPb,40636,80,HTTP,0,(empty),text/plain,-,0.0,T,T,128,-,0,0,F,-,-,-,-,-,-,-,HueBridge
CHtwWAKAx0K2zYJWh,FoyQ7q2EdKHnhz36Rj,40636,80,HTTP,0,(empty),text/plain,-,0.0,F,F,32,32,0,0,F,-,-,-,-,-,-,-,HueBridge
CqkRpw2PFE7JCXTotj,FvwD1R1OZlvGqzaSd8,40637,80,HTTP,0,(empty),text/plain,-,0.0,T,T,128,-,0,0,F,-,-,-,-,-,-,-,HueBridge
CqkRpw2PFE7JCXTotj,FitbZee3ZtpZSaoek,40637,80,HTTP,0,(empty),text/plain,-,0.0,F,F,32,32,0,0,F,-,-,-,-,-,-,-,HueBridge
C7UcfI3e4hL3nQ3rH3,F9fYKv4uU646Sbftl3,40638,80,HTTP,0,(empty),text/plain,-,0.0,T,T,128,-,0,0,F,-,-,-,-,-,-,-,HueBridge
C7UcfI3e4hL3nQ3rH3,FoV7DN3WHhraZElvth,40638,80,HTTP,0,(empty),text/plain,-,0.0,F,F,32,32,0,0,F,-,-,-,-,-,-,-,HueBridge
CtN82x1GBvaSCScv4g,FKrukx2t8L1rvXSQ0i,40639,80,HTTP,0,(empty),text/plain,-,0.0,T,T,128,-,0,0,F,-,-,-,-,-,-,-,HueBridge
CtN82x1GBvaSCScv4g,FjcsoE43Pt6kp1tNZe,40639,80,HTTP,0,(empty),text/plain,-,0.0,F,F,32,32,0,0,F,-,-,-,-,-,-,-,HueBridge
ChQNhr3OPbrO0R05Sk,FCjDa63APRUB8P5Fn5,57940,80,HTTP,0,(empty),text/json,-,0.001137,T,F,1553,-,0,0,F,-,-,-,-,-,-,-,HueBridge
CXDVE5362A8alhVb6a,FO78oM33o77ZLasIuj,40640,80,HTTP,0,(empty),text/plain,-,0.0,T,T,128,-,0,0,F,-,-,-,-,-,-,-,HueBridge
CXDVE5362A8alhVb6a,FNBhWm2TJtd9iPLodl,40640,80,HTTP,0,(empty),text/plain,-,0.0,F,F,32,32,0,0,F,-,-,-,-,-,-,-,HueBridge
CWfolA34aqDQp7iXp2,Fv2qWk3hOx0q8pq9v6,40641,80,HTTP,0,(empty),text/plain,-,0.0,T,T,128,-,0,0,F,-,-,-,-,-,-,-,HueBridge
CWfolA34aqDQp7iXp2,Fwmm383A57EFJgO6ja,40641,80,HTTP,0,(empty),text/plain,-,0.0,F,F,32,32,0,0,F,-,-,-,-,-,-,-,HueBridge
C57qus3uIS5PQvxuU6,F6KYVx3pFJf68GkA61,40642,80,HTTP,0,(empty),text/plain,-,0.0,T,T,128,-,0,0,F,-,-,-,-,-,-,-,HueBridge
C57qus3uIS5PQvxuU6,FsoeiO3YFElx5SJMS7,40642,80,HTTP,0,(empty),text/plain,-,0.0,F,F,32,32,0,0,F,-,-,-,-,-,-,-,HueBridge
CB2A5a4qCOHDaPaBe3,FSwwZE1iiPhZTxlkBg,40643,80,HTTP,0,(empty),text/plain,-,0.0,T,T,128,-,0,0,F,-,-,-,-,-,-,-,HueBridge
CB2A5a4qCOHDaPaBe3,Fe0tWS3yWpdOvpek9l,40643,80,HTTP,0,(empty),text/plain,-,0.0,F,F,32,32,0,0,F,-,-,-,-,-,-,-,HueBridge
CIwxrm2YEQVl4L1l89,FyJguD16hK9ElVCpqk,40644,80,HTTP,0,(empty),text/plain,-,0.0,T,T,128,-,0,0,F,-,-,-,-,-,-,-,HueBridge
CIwxrm2YEQVl4L1l89,FFeWr02Nj4FrA24Of6,40644,80,HTTP,0,(empty),text/plain,-,0.0,F,F,32,32,0,0,F,-,-,-,-,-,-,-,HueBridge
Ci1Cb04Nbs9uDaEXf,FN7afj479DmHTsF8T4,56481,80,HTTP,0,(empty),text/json,-,0.001202,T,F,1553,-,0,0,F,-,-,-,-,-,-,-,HueBridge
CvXWbB136yCzpnUtk9,FVzjHl1HW8i5qAHnrg,40645,80,HTTP,0,(empty),text/plain,-,0.0,T,T,128,-,0,0,F,-,-,-,-,-,-,-,HueBridge
CvXWbB136yCzpnUtk9,Fm4kDQ3u6zkMlSnet7,40645,80,HTTP,0,(empty),text/plain,-,0.0,F,F,32,32,0,0,F,-,-,-,-,-,-,-,HueBridge
CMBtBy3RqNbZXC0mmj,FDzzhU2Wy4vZSL78a5,40646,80,HTTP,0,(empty),text/plain,-,0.0,T,T,128,-,0,0,F,-,-,-,-,-,-,-,HueBridge
CMBtBy3RqNbZXC0mmj,FGABIl2wPzUyADmHXj,40646,80,HTTP,0,(empty),text/plain,-,0.0,F,F,32,32,0,0,F,-,-,-,-,-,-,-,HueBridge
Cjve2v4xzCm7QAQ3Fg,FDCo321FpAPizedjhh,40647,80,HTTP,0,(empty),text/plain,-,0.0,T,T,128,-,0,0,F,-,-,-,-,-,-,-,HueBridge
Cjve2v4xzCm7QAQ3Fg,FWHcWSbnVxHedBEB1,40647,80,HTTP,0,(empty),text/plain,-,0.0,F,F,32,32,0,0,F,-,-,-,-,-,-,-,HueBridge
CNVZDY1Fr7mNJbqMkh,Fa5Cfe4sxKqYVyRhnb,40648,80,HTTP,0,(empty),text/plain,-,0.0,T,T,128,-,0,0,F,-,-,-,-,-,-,-,HueBridge
CNVZDY1Fr7mNJbqMkh,FGE01w3Ev7JsbOoY18,40648,80,HTTP,0,(empty),text/plain,-,0.0,F,F,32,32,0,0,F,-,-,-,-,-,-,-,HueBridge
ChVoJyaSjmnjlw5gk,FMR0Kq33OuRZGaoxhk,40649,80,HTTP,0,(empty),text/plain,-,0.0,T,T,128,-,0,0,F,-,-,-,-,-,-,-,HueBridge
ChVoJyaSjmnjlw5gk,FydQiz1HLsGsQt7dH3,40649,80,HTTP,0,(empty),text/plain,-,0.0,F,F,32,32,0,0,F,-,-,-,-,-,-,-,HueBridge
CxQb5z3M7x6KdZlNs5,FFxOwj1Gu1bxNMygaa,42952,80,HTTP,0,(empty),text/json,-,0.001725,T,F,1553,-,0,0,F,-,-,-,-,-,-,-,HueBridge
CwWq9O1t5zgs8TS8Q3,Feg9P73y3USuYvJKv1,40650,80,HTTP,0,(empty),text/plain,-,0.0,T,T,128,-,0,0,F,-,-,-,-,-,-,-,HueBridge
CwWq9O1t5zgs8TS8Q3,F9qTEm1yraiC4dq2fa,40650,80,HTTP,0,(empty),text/plain,-,0.0,F,F,32,32,0,0,F,-,-,-,-,-,-,-,HueBridge
C1rVLH1rdm6q5P4gDa,FZF9IV193p5DhXtfs5,40651,80,HTTP,0,(empty),text/plain,-,0.0,T,T,128,-,0,0,F,-,-,-,-,-,-,-,HueBridge
C1rVLH1rdm6q5P4gDa,FETfYD1L9wPqq5FIVd,40651,80,HTTP,0,(empty),text/plain,-,0.0,F,F,32,32,0,0,F,-,-,-,-,-,-,-,HueBridge
ClhdY83zziQciMAil6,Ff4ihn2O45POvYoaD3,40652,80,HTTP,0,(empty),text/plain,-,0.0,T,T,128,-,0,0,F,-,-,-,-,-,-,-,HueBridge
ClhdY83zziQciMAil6,FdoY2U26Q7AOMV0Ivh,40652,80,HTTP,0,(empty),text/plain,-,0.0,F,F,32,32,0,0,F,-,-,-,-,-,-,-,HueBridge
