uid,id.orig_p,id.resp_p,trans_depth,method,uri,referrer,version,user_agent,origin,request_body_len,response_body_len,status_code,status_msg,info_code,info_msg,tags,username,password,proxied,orig_fuids,orig_filenames,orig_mime_types,resp_fuids,resp_filenames,resp_mime_types,device
CmYlov1xslHMfARf2i,41909,80,1,GET,/api/1d7a2f22157658516ebbad4748c9f43/sensors,-,1.1,Dalvik/2.1.0 (Linux; U; Android 5.1.1; SM-N7505 Build/LMY47X),-,0,464,200,OK,-,-,(empty),-,-,-,-,-,-,FeH2P93sF0VLojbCS3,-,text/json,HueSwitch
CcIPlxHo2GLxqOO01,43760,80,1,GET,/api/1d7a2f22157658516ebbad4748c9f43/sensors,-,1.1,Dalvik/2.1.0 (Linux; U; Android 5.1.1; SM-N7505 Build/LMY47X),-,0,464,200,OK,-,-,(empty),-,-,-,-,-,-,FRklUC2v4QzjqSVT7i,-,text/json,HueSwitch
CtoDXz3b4PKLIW3qTb,39931,80,1,GET,/api/1d7a2f22157658516ebbad4748c9f43/sensors,-,1.1,Dalvik/2.1.0 (Linux; U; Android 5.1.1; SM-N7505 Build/LMY47X),-,0,464,200,OK,-,-,(empty),-,-,-,-,-,-,FCCjY44IxJK8ymHYlc,-,text/json,HueSwitch
CikKtp4hvgsl7tUL1,44465,80,1,GET,/api/1d7a2f22157658516ebbad4748c9f43/sensors,-,1.1,Dalvik/2.1.0 (Linux; U; Android 5.1.1; SM-N7505 Build/LMY47X),-,0,464,200,OK,-,-,(empty),-,-,-,-,-,-,F6MMhO3GgFOfSH84Qk,-,text/json,HueSwitch
CI66wu2UB9f2oQtlt3,42276,80,1,GET,/api/1d7a2f22157658516ebbad4748c9f43/sensors,-,1.1,Dalvik/2.1.0 (Linux; U; Android 5.1.1; SM-N7505 Build/LMY47X),-,0,464,200,OK,-,-,(empty),-,-,-,-,-,-,FFUzui3Oujq1iUrWDc,-,text/json,HueSwitch
CmfcWw43MScsJAvkrb,57570,80,1,GET,/api/1d7a2f22157658516ebbad4748c9f43/sensors,-,1.1,Dalvik/2.1.0 (Linux; U; Android 5.1.1; SM-N7505 Build/LMY47X),-,0,464,200,OK,-,-,(empty),-,-,-,-,-,-,FEHXLM1OloY6F9s4v6,-,text/json,HueSwitch
ChL4xqkc5IU6XUbM8,34966,80,1,GET,/api/1d7a2f22157658516ebbad4748c9f43/sensors,-,1.1,Dalvik/2.1.0 (Linux; U; Android 5.1.1; SM-N7505 Build/LMY47X),-,0,464,200,OK,-,-,(empty),-,-,-,-,-,-,FKA3es3AMNlBle4JT8,-,text/json,HueSwitch
CaEiMO20xLtthzcXu3,38100,80,1,GET,/api/1d7a2f22157658516ebbad4748c9f43/sensors,-,-,Dalvik/2.1.0 (Linux; U; Android 5.1.1; SM-N7505 Build/LMY47X),-,0,0,-,-,-,-,(empty),-,-,-,-,-,-,-,-,-,HueSwitch
CBDLcG4NW8zylXkHNc,41425,80,1,GET,/api/1d7a2f22157658516ebbad4748c9f43/sensors,-,1.1,Dalvik/2.1.0 (Linux; U; Android 5.1.1; SM-N7505 Build/LMY47X),-,0,464,200,OK,-,-,(empty),-,-,-,-,-,-,FJke4D3dwzBhgpzv4g,-,text/json,HueSwitch
CzDOhI28a7Ja7ccgCj,58703,80,1,GET,/api/1d7a2f22157658516ebbad4748c9f43,-,1.1,Dalvik/2.1.0 (Linux; U; Android 5.1.1; SM-N7505 Build/LMY47X),-,0,4127,200,OK,-,-,(empty),-,-,-,-,-,-,FtPI8I12OnpdBfBOs9,-,text/json,HueSwitch
CceuI38waGw8udKYf,57649,80,1,GET,/api/1d7a2f22157658516ebbad4748c9f43/sensors,-,1.1,Dalvik/2.1.0 (Linux; U; Android 5.1.1; SM-N7505 Build/LMY47X),-,0,464,200,OK,-,-,(empty),-,-,-,-,-,-,FXEVJQYQ1lLYcY04,-,text/json,HueSwitch
CbdRpb4fz6ut2E0keg,43753,80,1,GET,/api/1d7a2f22157658516ebbad4748c9f43/sensors,-,1.1,Dalvik/2.1.0 (Linux; U; Android 5.1.1; SM-N7505 Build/LMY47X),-,0,464,200,OK,-,-,(empty),-,-,-,-,-,-,FFTiYF4KAWHjtPpdQ1,-,text/json,HueSwitch
CAmhnK2W3IoEPWdB84,49029,80,1,GET,/api/1d7a2f22157658516ebbad4748c9f43/sensors,-,1.1,Dalvik/2.1.0 (Linux; U; Android 5.1.1; SM-N7505 Build/LMY47X),-,0,464,200,OK,-,-,(empty),-,-,-,-,-,-,FITDYMXtLD3TqZrF2,-,text/json,HueSwitch
C7Gv7S36M8rn8eem23,60585,80,1,GET,/api/1d7a2f22157658516ebbad4748c9f43/sensors,-,1.1,Dalvik/2.1.0 (Linux; U; Android 5.1.1; SM-N7505 Build/LMY47X),-,0,464,200,OK,-,-,(empty),-,-,-,-,-,-,FRow063rJQFshUXktb,-,text/json,HueSwitch
Coc3dm3CKUigu8wmI2,49725,80,1,GET,/api/1d7a2f22157658516ebbad4748c9f43/sensors,-,1.1,Dalvik/2.1.0 (Linux; U; Android 5.1.1; SM-N7505 Build/LMY47X),-,0,464,200,OK,-,-,(empty),-,-,-,-,-,-,FzI8Dq2mgnnCOWvm1,-,text/json,HueSwitch
CFBUTAAEAS1hJ0Pkc,57347,80,1,GET,/api/1d7a2f22157658516ebbad4748c9f43/sensors,-,1.1,Dalvik/2.1.0 (Linux; U; Android 5.1.1; SM-N7505 Build/LMY47X),-,0,464,200,OK,-,-,(empty),-,-,-,-,-,-,FgjX9q2arzYhla35vk,-,text/json,HueSwitch
Ch5KKZ1KDIrdQBFzoe,47634,80,1,GET,/api/1d7a2f22157658516ebbad4748c9f43/sensors,-,1.1,Dalvik/2.1.0 (Linux; U; Android 5.1.1; SM-N7505 Build/LMY47X),-,0,464,200,OK,-,-,(empty),-,-,-,-,-,-,FIW7lF3t1K0BwaPAF4,-,text/json,HueSwitch
CguGRB2Ulcwr4hv3Tb,60044,80,1,GET,/api/1d7a2f22157658516ebbad4748c9f43/sensors,-,1.1,Dalvik/2.1.0 (Linux; U; Android 5.1.1; SM-N7505 Build/LMY47X),-,0,464,200,OK,-,-,(empty),-,-,-,-,-,-,FaDB594app8IQoBQn7,-,text/json,HueSwitch
CIRnSF1R83DqrXWMIi,56302,80,1,GET,/api/1d7a2f22157658516ebbad4748c9f43/sensors,-,1.1,Dalvik/2.1.0 (Linux; U; Android 5.1.1; SM-N7505 Build/LMY47X),-,0,464,200,OK,-,-,(empty),-,-,-,-,-,-,FpdNzx3aWcRqrty434,-,text/json,HueSwitch
C4UsZp2SmoEFFfunnd,34903,80,1,GET,/api/1d7a2f22157658516ebbad4748c9f43/sensors,-,1.1,Dalvik/2.1.0 (Linux; U; Android 5.1.1; SM-N7505 Build/LMY47X),-,0,464,200,OK,-,-,(empty),-,-,-,-,-,-,Fs3phj4qbEEobkgPSl,-,text/json,HueSwitch
ChNoQV1tK2AFzBWiG7,37841,80,1,DELETE,/api/1d7a2f22157658516ebbad4748c9f43/sensors/11,-,1.1,Dalvik/2.1.0 (Linux; U; Android 5.1.1; SM-N7505 Build/LMY47X),-,0,35,200,OK,-,-,(empty),-,-,-,-,-,-,FZ5MCx01xOIu9PTqd,-,text/json,HueSwitch
CCzuHz34z9ZKb9DNZj,59533,80,1,GET,/api/1d7a2f22157658516ebbad4748c9f43/sensors,-,1.1,Dalvik/2.1.0 (Linux; U; Android 5.1.1; SM-N7505 Build/LMY47X),-,0,243,200,OK,-,-,(empty),-,-,-,-,-,-,FUkA1X3krvBDMeGlue,-,text/json,HueSwitch
CgosvzoWeLOZtTwtl,50071,80,1,DELETE,/api/1d7a2f22157658516ebbad4748c9f43/rules/4,-,1.1,Dalvik/2.1.0 (Linux; U; Android 5.1.1; SM-N7505 Build/LMY47X),-,0,32,200,OK,-,-,(empty),-,-,-,-,-,-,FZE5Ob3XhrheAp3zP8,-,text/json,HueSwitch
CFT05e2YZP3m9RoGDc,44378,80,1,DELETE,/api/1d7a2f22157658516ebbad4748c9f43/rules/1,-,1.1,Dalvik/2.1.0 (Linux; U; Android 5.1.1; SM-N7505 Build/LMY47X),-,0,32,200,OK,-,-,(empty),-,-,-,-,-,-,F9srUm3r0JbnFTMUe2,-,text/json,HueSwitch
CzEpXh1Uw8G8Gaybz4,44038,80,1,DELETE,/api/1d7a2f22157658516ebbad4748c9f43/rules/2,-,1.1,Dalvik/2.1.0 (Linux; U; Android 5.1.1; SM-N7505 Build/LMY47X),-,0,32,200,OK,-,-,(empty),-,-,-,-,-,-,F6mXSy4VFrJAMv6GJf,-,text/json,HueSwitch
Cry9lY28HTPuH1Fvxh,58787,80,1,DELETE,/api/1d7a2f22157658516ebbad4748c9f43/rules/3,-,1.1,Dalvik/2.1.0 (Linux; U; Android 5.1.1; SM-N7505 Build/LMY47X),-,0,32,200,OK,-,-,(empty),-,-,-,-,-,-,FBqrPG3urWBC6VBDhj,-,text/json,HueSwitch
C9PhXk462nAtKAhiT5,35192,80,1,GET,/api/1d7a2f22157658516ebbad4748c9f43/sensors,-,1.1,Dalvik/2.1.0 (Linux; U; Android 5.1.1; SM-N7505 Build/LMY47X),-,0,243,200,OK,-,-,(empty),-,-,-,-,-,-,F2nTC91q6JiEs8Gag2,-,text/json,HueSwitch
CSe9lw3a6jb4F1Y5b,32843,80,1,GET,/api/1d7a2f22157658516ebbad4748c9f43/sensors,-,1.1,Dalvik/2.1.0 (Linux; U; Android 5.1.1; SM-N7505 Build/LMY47X),-,0,243,200,OK,-,-,(empty),-,-,-,-,-,-,FvOspPnIJLyLQLXCj,-,text/json,HueSwitch
CnHPNi1kqcjfhq4kxk,34748,80,1,GET,/api/1d7a2f22157658516ebbad4748c9f43/sensors,-,1.1,Dalvik/2.1.0 (Linux; U; Android 5.1.1; SM-N7505 Build/LMY47X),-,0,243,200,OK,-,-,(empty),-,-,-,-,-,-,FIPojCmwe74JR2pbb,-,text/json,HueSwitch
CmRlnP3QFRN3B47VX4,43917,80,1,GET,/api/1d7a2f22157658516ebbad4748c9f43/sensors,-,1.1,Dalvik/2.1.0 (Linux; U; Android 5.1.1; SM-N7505 Build/LMY47X),-,0,243,200,OK,-,-,(empty),-,-,-,-,-,-,FKXscI3MBEfQ11G5Q8,-,text/json,HueSwitch
CsONvS3HPQJJQkZnc8,50611,80,1,GET,/api/1d7a2f22157658516ebbad4748c9f43/sensors,-,1.1,Dalvik/2.1.0 (Linux; U; Android 5.1.1; SM-N7505 Build/LMY47X),-,0,243,200,OK,-,-,(empty),-,-,-,-,-,-,Fsud9h1Nti3X1I5sT5,-,text/json,HueSwitch
CzuZP01dfcCgRrK4x1,38039,80,1,GET,/api/1d7a2f22157658516ebbad4748c9f43/sensors,-,1.1,Dalvik/2.1.0 (Linux; U; Android 5.1.1; SM-N7505 Build/LMY47X),-,0,243,200,OK,-,-,(empty),-,-,-,-,-,-,FW6QdU24snHCHza6Ei,-,text/json,HueSwitch
CxE1rtaMNwdfKY3i,48131,80,1,GET,/api/1d7a2f22157658516ebbad4748c9f43/sensors,-,1.1,Dalvik/2.1.0 (Linux; U; Android 5.1.1; SM-N7505 Build/LMY47X),-,0,243,200,OK,-,-,(empty),-,-,-,-,-,-,FxYRo92xYndqJ3Upw3,-,text/json,HueSwitch
Ca0XyE3CUQfK7KK5Bj,39776,80,1,GET,/api/1d7a2f22157658516ebbad4748c9f43/sensors,-,1.1,Dalvik/2.1.0 (Linux; U; Android 5.1.1; SM-N7505 Build/LMY47X),-,0,243,200,OK,-,-,(empty),-,-,-,-,-,-,FAMtoB4I2g0Ll4Sos9,-,text/json,HueSwitch
CWEpkx2ZmZrRJEuBW5,47038,80,1,GET,/api/1d7a2f22157658516ebbad4748c9f43/sensors,-,1.1,Dalvik/2.1.0 (Linux; U; Android 5.1.1; SM-N7505 Build/LMY47X),-,0,243,200,OK,-,-,(empty),-,-,-,-,-,-,FQJd3ktwJqvBz840l,-,text/json,HueSwitch
CJFKi6mmU4iMyvSr5,32830,80,1,GET,/api/1d7a2f22157658516ebbad4748c9f43,-,1.1,Dalvik/2.1.0 (Linux; U; Android 5.1.1; SM-N7505 Build/LMY47X),-,0,2251,200,OK,-,-,(empty),-,-,-,-,-,-,Fk5EwP1J0WDw6E2u1e,-,text/json,HueSwitch
CpdHlnePz0sc6xq9e,34856,80,1,GET,/api/1d7a2f22157658516ebbad4748c9f43/sensors,-,1.1,Dalvik/2.1.0 (Linux; U; Android 5.1.1; SM-N7505 Build/LMY47X),-,0,243,200,OK,-,-,(empty),-,-,-,-,-,-,FvVOMm4QjL2MPK5Stk,-,text/json,HueSwitch
Cm1abNs1A4p0kTcxc,46739,80,1,POST,/api/1d7a2f22157658516ebbad4748c9f43/sensors/,-,1.1,Dalvik/2.1.0 (Linux; U; Android 5.1.1; SM-N7505 Build/LMY47X),-,0,54,200,OK,-,-,(empty),-,-,-,-,-,-,F9Hxza2GPuw6okXJu6,-,text/json,HueSwitch
C8mi1n2kbEnkjHAnZd,49385,80,1,GET,/api/1d7a2f22157658516ebbad4748c9f43/sensors/new,-,1.1,Dalvik/2.1.0 (Linux; U; Android 5.1.1; SM-N7505 Build/LMY47X),-,0,22,200,OK,-,-,(empty),-,-,-,-,-,-,Fhk2vg3rrVcyOPgxol,-,text/json,HueSwitch
CdJgVj1le7FeDZ5Xrf,54713,80,1,GET,/api/1d7a2f22157658516ebbad4748c9f43/sensors/new,-,1.1,Dalvik/2.1.0 (Linux; U; Android 5.1.1; SM-N7505 Build/LMY47X),-,0,22,200,OK,-,-,(empty),-,-,-,-,-,-,F7z7dAgkcbAQFNlP6,-,text/json,HueSwitch
CFftBM1FlMXq2XE5ed,44268,80,1,GET,/api/1d7a2f22157658516ebbad4748c9f43,-,1.1,Dalvik/2.1.0 (Linux; U; Android 5.1.1; SM-N7505 Build/LMY47X),-,0,2251,200,OK,-,-,(empty),-,-,-,-,-,-,FIyoTa14VeyHIGZru2,-,text/json,HueSwitch
COal782Q6Y8dxZKwqf,45553,80,1,GET,/api/1d7a2f22157658516ebbad4748c9f43/sensors/new,-,1.1,Dalvik/2.1.0 (Linux; U; Android 5.1.1; SM-N7505 Build/LMY47X),-,0,22,200,OK,-,-,(empty),-,-,-,-,-,-,FV2A8t3HoXYdVXzcxf,-,text/json,HueSwitch
CwYQKr4MmPavRW3Zaj,50858,80,1,GET,/api/1d7a2f22157658516ebbad4748c9f43/sensors/new,-,1.1,Dalvik/2.1.0 (Linux; U; Android 5.1.1; SM-N7505 Build/LMY47X),-,0,22,200,OK,-,-,(empty),-,-,-,-,-,-,FLMv8P1cpnGNMd0kkh,-,text/json,HueSwitch
C0sZMw4QeRDUUrYqyh,44105,80,1,GET,/api/1d7a2f22157658516ebbad4748c9f43/sensors/new,-,1.1,Dalvik/2.1.0 (Linux; U; Android 5.1.1; SM-N7505 Build/LMY47X),-,0,22,200,OK,-,-,(empty),-,-,-,-,-,-,Ftp3Pa15EVdFcvpKPg,-,text/json,HueSwitch
CibR1frHwxUjKXPp9,47330,80,1,GET,/api/1d7a2f22157658516ebbad4748c9f43/sensors/new,-,1.1,Dalvik/2.1.0 (Linux; U; Android 5.1.1; SM-N7505 Build/LMY47X),-,0,22,200,OK,-,-,(empty),-,-,-,-,-,-,FU8VqS1OBwcbHiP9bj,-,text/json,HueSwitch
CxSkym4STKR2eSdYz4,43175,80,1,GET,/api/1d7a2f22157658516ebbad4748c9f43/sensors/new,-,1.1,Dalvik/2.1.0 (Linux; U; Android 5.1.1; SM-N7505 Build/LMY47X),-,0,22,200,OK,-,-,(empty),-,-,-,-,-,-,FTIIzF1eD8rjccde0k,-,text/json,HueSwitch
C9OA594BOKafMSdes3,43214,80,1,GET,/api/1d7a2f22157658516ebbad4748c9f43,-,1.1,Dalvik/2.1.0 (Linux; U; Android 5.1.1; SM-N7505 Build/LMY47X),-,0,2459,200,OK,-,-,(empty),-,-,-,-,-,-,FpRtjb1aEVaNQSa7Y,-,text/json,HueSwitch
CfUGxdf7fsfgdDIDi,44718,80,1,GET,/api/1d7a2f22157658516ebbad4748c9f43/sensors/new,-,1.1,Dalvik/2.1.0 (Linux; U; Android 5.1.1; SM-N7505 Build/LMY47X),-,0,49,200,OK,-,-,(empty),-,-,-,-,-,-,FWxoZN2VGlgEd5GBNh,-,text/json,HueSwitch
CCSOOg4dAFp3pr4s4,42374,80,1,GET,/api/1d7a2f22157658516ebbad4748c9f43,-,1.1,Dalvik/2.1.0 (Linux; U; Android 5.1.1; SM-N7505 Build/LMY47X),-,0,2459,200,OK,-,-,(empty),-,-,-,-,-,-,F7ZyDK3rvhpiJgGuXb,-,text/json,HueSwitch
C4mnUqV8a9mFDJYc7,42645,80,1,GET,/api/1d7a2f22157658516ebbad4748c9f43/sensors,-,1.1,Dalvik/2.1.0 (Linux; U; Android 5.1.1; SM-N7505 Build/LMY47X),-,0,451,200,OK,-,-,(empty),-,-,-,-,-,-,FpGghv3sXnHLnrSmfk,-,text/json,HueSwitch
C0ksI214QkgDBTUdxc,55985,80,1,PUT,/api/1d7a2f22157658516ebbad4748c9f43/scenes/d3de32ec0-on-0/lights/1/state,-,1.1,Dalvik/2.1.0 (Linux; U; Android 5.1.1; SM-N7505 Build/LMY47X),-,21,125,200,OK,-,-,(empty),-,-,-,FrgpnJLsAEbyONawh,-,text/json,FnbSyR2ajVJ93QxbVj,-,text/json,HueSwitch
CX43vx3CqNpHSP6qFj,44112,80,1,POST,/api/1d7a2f22157658516ebbad4748c9f43/rules/,-,1.1,Dalvik/2.1.0 (Linux; U; Android 5.1.1; SM-N7505 Build/LMY47X),-,267,24,200,OK,-,-,(empty),-,-,-,FrLDhw4gVSRjrzfmna,-,text/json,FDaquA3O5AydJ9C4Bi,-,text/json,HueSwitch
C6WV2d368jBlBgaQSe,47520,80,1,POST,/api/1d7a2f22157658516ebbad4748c9f43/rules/,-,1.1,Dalvik/2.1.0 (Linux; U; Android 5.1.1; SM-N7505 Build/LMY47X),-,268,24,200,OK,-,-,(empty),-,-,-,FA0Eya3aELa4q1nqR1,-,text/json,F0fMsb1NcQ1LnULcVe,-,text/json,HueSwitch
CeSrOO4cvHXn9Q6dd,33571,80,1,PUT,/api/1d7a2f22157658516ebbad4748c9f43/scenes/71570565e-on-0/lights/1/state,-,1.1,Dalvik/2.1.0 (Linux; U; Android 5.1.1; SM-N7505 Build/LMY47X),-,20,124,200,OK,-,-,(empty),-,-,-,Fcdy4u1MDS4BDSNUU4,-,text/json,FchYPd1KoV4Zu44db3,-,text/json,HueSwitch
Cn4eEu2hfC4mcNxlqi,52430,80,1,POST,/api/1d7a2f22157658516ebbad4748c9f43/rules/,-,1.1,Dalvik/2.1.0 (Linux; U; Android 5.1.1; SM-N7505 Build/LMY47X),-,267,24,200,OK,-,-,(empty),-,-,-,FdnPbk2gB9I3T5pnmb,-,text/json,Fzn6oT3kvCM17578g,-,text/json,HueSwitch
C9yjbu1WrMpxw5RlY4,32827,80,1,PUT,/api/1d7a2f22157658516ebbad4748c9f43/scenes/9c59ccfd4-on-0/lights/1/state,-,1.1,Dalvik/2.1.0 (Linux; U; Android 5.1.1; SM-N7505 Build/LMY47X),-,21,125,200,OK,-,-,(empty),-,-,-,FZgJnAPWTNceO3MIa,-,text/json,FQNwLu2JnnT4Yt12n3,-,text/json,HueSwitch
CBBc8y3mAcSOrju91g,35887,80,1,POST,/api/1d7a2f22157658516ebbad4748c9f43/rules/,-,1.1,Dalvik/2.1.0 (Linux; U; Android 5.1.1; SM-N7505 Build/LMY47X),-,267,24,200,OK,-,-,(empty),-,-,-,F0d3mk1Shk7MAehuN2,-,text/json,FK8PC578CUHGtMOR1,-,text/json,HueSwitch
CZxcKS1kPtR3c9kiH9,55474,80,1,GET,/api/1d7a2f22157658516ebbad4748c9f43/sensors,-,1.1,Dalvik/2.1.0 (Linux; U; Android 5.1.1; SM-N7505 Build/LMY47X),-,0,451,200,OK,-,-,(empty),-,-,-,-,-,-,Fc5Kwq3nqxoPmn9Vpf,-,text/json,HueSwitch
CSq7RXbUdJ3YCTDhd,41886,80,1,GET,/api/1d7a2f22157658516ebbad4748c9f43/rules,-,1.1,Dalvik/2.1.0 (Linux; U; Android 5.1.1; SM-N7505 Build/LMY47X),-,0,1638,200,OK,-,-,(empty),-,-,-,-,-,-,FYEVb63CQW7RBBZu0j,-,text/json,HueSwitch
CmzgUO25hvwWnlk43d,58195,80,1,GET,/api/1d7a2f22157658516ebbad4748c9f43/sensors,-,1.1,Dalvik/2.1.0 (Linux; U; Android 5.1.1; SM-N7505 Build/LMY47X),-,0,451,200,OK,-,-,(empty),-,-,-,-,-,-,FwzIwr2LpgH4TZkAOa,-,text/json,HueSwitch
CbwXWu1uIcvZYxO9Y8,40072,80,1,GET,/api/1d7a2f22157658516ebbad4748c9f43/sensors,-,1.1,Dalvik/2.1.0 (Linux; U; Android 5.1.1; SM-N7505 Build/LMY47X),-,0,451,200,OK,-,-,(empty),-,-,-,-,-,-,FBTfjo3A0JBKG0Smwg,-,text/json,HueSwitch
CBE37j4zG5Z5T1TzY3,50499,80,1,GET,/api/1d7a2f22157658516ebbad4748c9f43/sensors/new,-,1.1,Dalvik/2.1.0 (Linux; U; Android 5.1.1; SM-N7505 Build/LMY47X),-,0,49,200,OK,-,-,(empty),-,-,-,-,-,-,FLeKV9s1hN6p8gcE7,-,text/json,HueSwitch
C0pZf626eZE3OLQ3se,39115,80,1,GET,/api/1d7a2f22157658516ebbad4748c9f43/sensors,-,1.1,Dalvik/2.1.0 (Linux; U; Android 5.1.1; SM-N7505 Build/LMY47X),-,0,451,200,OK,-,-,(empty),-,-,-,-,-,-,FZDkvuqDuT6CBIbT6,-,text/json,HueSwitch
CR3k9L2Rcgp8SuKBE2,57673,80,1,GET,/api/1d7a2f22157658516ebbad4748c9f43/sensors,-,1.1,Dalvik/2.1.0 (Linux; U; Android 5.1.1; SM-N7505 Build/LMY47X),-,0,451,200,OK,-,-,(empty),-,-,-,-,-,-,FFwnZ33L6VkVniiGCf,-,text/json,HueSwitch
C7LfWl4q807dJuvkY8,53269,80,1,GET,/api/1d7a2f22157658516ebbad4748c9f43/sensors,-,1.1,Dalvik/2.1.0 (Linux; U; Android 5.1.1; SM-N7505 Build/LMY47X),-,0,451,200,OK,-,-,(empty),-,-,-,-,-,-,FaL0vz3lUyQjXohxog,-,text/json,HueSwitch
C4OIMd3RgIglALLBJ3,56123,80,1,GET,/api/1d7a2f22157658516ebbad4748c9f43/sensors,-,1.1,Dalvik/2.1.0 (Linux; U; Android 5.1.1; SM-N7505 Build/LMY47X),-,0,451,200,OK,-,-,(empty),-,-,-,-,-,-,FR3mp83nMLhWWy0sx7,-,text/json,HueSwitch
Ct1zfq18gC5yl8vRck,41908,80,1,GET,/api/1d7a2f22157658516ebbad4748c9f43/sensors,-,1.1,Dalvik/2.1.0 (Linux; U; Android 5.1.1; SM-N7505 Build/LMY47X),-,0,451,200,OK,-,-,(empty),-,-,-,-,-,-,FvyDX22cShtaiKj5vb,-,text/json,HueSwitch
COQp883gOhKKURrfT4,57604,80,1,GET,/api/1d7a2f22157658516ebbad4748c9f43/sensors/new,-,1.1,Dalvik/2.1.0 (Linux; U; Android 5.1.1; SM-N7505 Build/LMY47X),-,0,49,200,OK,-,-,(empty),-,-,-,-,-,-,Fw1TEd2pMBg6XXdSx9,-,text/json,HueSwitch
C0V7T93VvufSgcxFy9,57175,80,1,GET,/api/1d7a2f22157658516ebbad4748c9f43/sensors,-,1.1,Dalvik/2.1.0 (Linux; U; Android 5.1.1; SM-N7505 Build/LMY47X),-,0,451,200,OK,-,-,(empty),-,-,-,-,-,-,FCBCgN3Hi3Kviw789e,-,text/json,HueSwitch
CGR5c23wmC3Ifa2An2,55014,80,1,GET,/api/1d7a2f22157658516ebbad4748c9f43/sensors,-,1.1,Dalvik/2.1.0 (Linux; U; Android 5.1.1; SM-N7505 Build/LMY47X),-,0,451,200,OK,-,-,(empty),-,-,-,-,-,-,FROpr317T50GzqRKbc,-,text/json,HueSwitch
CX0uc31l7fTTlrLUP3,41983,80,1,GET,/api/1d7a2f22157658516ebbad4748c9f43/sensors/new,-,1.1,Dalvik/2.1.0 (Linux; U; Android 5.1.1; SM-N7505 Build/LMY47X),-,0,49,200,OK,-,-,(empty),-,-,-,-,-,-,FM92j12Wwfeuzusgwh,-,text/json,HueSwitch
C8r2vx3dSoEZaRDAo4,34809,80,1,GET,/api/1d7a2f22157658516ebbad4748c9f43/sensors,-,1.1,Dalvik/2.1.0 (Linux; U; Android 5.1.1; SM-N7505 Build/LMY47X),-,0,451,200,OK,-,-,(empty),-,-,-,-,-,-,FdAmIs3Ninz89jqlP7,-,text/json,HueSwitch
CYDzuuTErv5luBD8l,39382,80,1,DELETE,/api/1d7a2f22157658516ebbad4748c9f43/rules/3,-,1.1,Dalvik/2.1.0 (Linux; U; Android 5.1.1; SM-N7505 Build/LMY47X),-,0,32,200,OK,-,-,(empty),-,-,-,-,-,-,FaS5zk16p6VLTTjQna,-,text/json,HueSwitch
C2yiwy4XCBZ03zFRH,39815,80,1,GET,/api/1d7a2f22157658516ebbad4748c9f43/sensors,-,1.1,Dalvik/2.1.0 (Linux; U; Android 5.1.1; SM-N7505 Build/LMY47X),-,0,451,200,OK,-,-,(empty),-,-,-,-,-,-,FJiS7PJyxxxxE6AR5,-,text/json,HueSwitch
CfCFc4Kwez39PZOC2,49285,80,1,PUT,/api/1d7a2f22157658516ebbad4748c9f43/scenes/1844cf008-on-0/lights/1/state,-,1.1,Dalvik/2.1.0 (Linux; U; Android 5.1.1; SM-N7505 Build/LMY47X),-,20,124,200,OK,-,-,(empty),-,-,-,FBrf516Rsr9gW6zji,-,text/json,FhkRh93KtFMHWsk0Rd,-,text/json,HueSwitch
C65BvQ1VycRg1tNF7c,34345,80,1,POST,/api/1d7a2f22157658516ebbad4748c9f43/rules/,-,1.1,Dalvik/2.1.0 (Linux; U; Android 5.1.1; SM-N7505 Build/LMY47X),-,271,24,200,OK,-,-,(empty),-,-,-,F21k6BuOXMQg8vK1h,-,text/json,FQR8dl2ahpehfdGMTl,-,text/json,HueSwitch
CycKRn1i1sciip9VIj,51693,80,1,GET,/api/1d7a2f22157658516ebbad4748c9f43/sensors,-,1.1,Dalvik/2.1.0 (Linux; U; Android 5.1.1; SM-N7505 Build/LMY47X),-,0,451,200,OK,-,-,(empty),-,-,-,-,-,-,FotFUV22b7TnUFs4dj,-,text/json,HueSwitch
CljUEgnzPuC3svCX3,35066,80,1,GET,/api/1d7a2f22157658516ebbad4748c9f43/sensors,-,1.1,Dalvik/2.1.0 (Linux; U; Android 5.1.1; SM-N7505 Build/LMY47X),-,0,451,200,OK,-,-,(empty),-,-,-,-,-,-,FIdAq7jpqafwth4c7,-,text/json,HueSwitch
CFQ00FxMl7ZHNcoyl,42834,80,1,GET,/api/1d7a2f22157658516ebbad4748c9f43/sensors,-,1.1,Dalvik/2.1.0 (Linux; U; Android 5.1.1; SM-N7505 Build/LMY47X),-,0,451,200,OK,-,-,(empty),-,-,-,-,-,-,F5FXHm4tI3JsarrzCc,-,text/json,HueSwitch
CQA0gR1lZH3iOtYcT,33841,80,1,GET,/api/1d7a2f22157658516ebbad4748c9f43/sensors/new,-,1.1,Dalvik/2.1.0 (Linux; U; Android 5.1.1; SM-N7505 Build/LMY47X),-,0,49,200,OK,-,-,(empty),-,-,-,-,-,-,F4tSkA2IpfZHIiHBe4,-,text/json,HueSwitch
CLW7Fi261hJ5Haq8g,60707,80,1,GET,/api/1d7a2f22157658516ebbad4748c9f43/sensors,-,1.1,Dalvik/2.1.0 (Linux; U; Android 5.1.1; SM-N7505 Build/LMY47X),-,0,451,200,OK,-,-,(empty),-,-,-,-,-,-,FLFaDn4HYssTbCc7na,-,text/json,HueSwitch
C8wXuw4olqE88QGkL6,54845,80,1,GET,/api/1d7a2f22157658516ebbad4748c9f43/sensors,-,1.1,Dalvik/2.1.0 (Linux; U; Android 5.1.1; SM-N7505 Build/LMY47X),-,0,451,200,OK,-,-,(empty),-,-,-,-,-,-,FJyPg8f3XKCGitmZb,-,text/json,HueSwitch
CoWRGP3sBKzxH7gud,52214,80,1,GET,/api/1d7a2f22157658516ebbad4748c9f43/sensors,-,1.1,Dalvik/2.1.0 (Linux; U; Android 5.1.1; SM-N7505 Build/LMY47X),-,0,451,200,OK,-,-,(empty),-,-,-,-,-,-,FzJB2mRH2tzBrMts2,-,text/json,HueSwitch
C6RcTg2pY1mMtxRMEi,38443,80,1,GET,/api/1d7a2f22157658516ebbad4748c9f43,-,1.1,Dalvik/2.1.0 (Linux; U; Android 5.1.1; SM-N7505 Build/LMY47X),-,0,4099,200,OK,-,-,(empty),-,-,-,-,-,-,FBu0ZM3gWG5U8G5K8i,-,text/json,HueSwitch
CtoLV22y8MJxc9nhMf,46699,80,1,GET,/api/1d7a2f22157658516ebbad4748c9f43/sensors,-,1.1,Dalvik/2.1.0 (Linux; U; Android 5.1.1; SM-N7505 Build/LMY47X),-,0,451,200,OK,-,-,(empty),-,-,-,-,-,-,FMoq6e4NSteVlo4WX1,-,text/json,HueSwitch
CdJOKVhCAcOnjuuWj,38511,80,1,GET,/api/1d7a2f22157658516ebbad4748c9f43/sensors/new,-,1.1,Dalvik/2.1.0 (Linux; U; Android 5.1.1; SM-N7505 Build/LMY47X),-,0,49,200,OK,-,-,(empty),-,-,-,-,-,-,FfXqJy1gY3b6bc9ygl,-,text/json,HueSwitch
C1vPpb3P0l5W0pRnv4,42157,80,1,GET,/api/1d7a2f22157658516ebbad4748c9f43/sensors,-,1.1,Dalvik/2.1.0 (Linux; U; Android 5.1.1; SM-N7505 Build/LMY47X),-,0,451,200,OK,-,-,(empty),-,-,-,-,-,-,F1yR5G2R6JI2tRcgL5,-,text/json,HueSwitch
CQ4dkW545Stx5or77,51266,80,1,GET,/api/1d7a2f22157658516ebbad4748c9f43/sensors,-,1.1,Dalvik/2.1.0 (Linux; U; Android 5.1.1; SM-N7505 Build/LMY47X),-,0,451,200,OK,-,-,(empty),-,-,-,-,-,-,F2J8ym28GGSmze8KZf,-,text/json,HueSwitch
CYddb74gjgmVrh6rKg,51169,80,1,GET,/api/1d7a2f22157658516ebbad4748c9f43/sensors,-,1.1,Dalvik/2.1.0 (Linux; U; Android 5.1.1; SM-N7505 Build/LMY47X),-,0,451,200,OK,-,-,(empty),-,-,-,-,-,-,FhL6K41dmkR7CQHA2e,-,text/json,HueSwitch
CzvyGc4z4IMk6UK2ja,37167,80,1,GET,/api/1d7a2f22157658516ebbad4748c9f43/sensors,-,1.1,Dalvik/2.1.0 (Linux; U; Android 5.1.1; SM-N7505 Build/LMY47X),-,0,451,200,OK,-,-,(empty),-,-,-,-,-,-,F7CMW71xZPswco206h,-,text/json,HueSwitch
C6FWtn164l6beSKUG4,60605,80,1,GET,/api/1d7a2f22157658516ebbad4748c9f43/sensors/new,-,1.1,Dalvik/2.1.0 (Linux; U; Android 5.1.1; SM-N7505 Build/LMY47X),-,0,49,200,OK,-,-,(empty),-,-,-,-,-,-,Fw0Bia44C9hPO62jn6,-,text/json,HueSwitch
CdqX9S1xePQijPPzpl,44584,80,1,GET,/api/1d7a2f22157658516ebbad4748c9f43/sensors,-,1.1,Dalvik/2.1.0 (Linux; U; Android 5.1.1; SM-N7505 Build/LMY47X),-,0,451,200,OK,-,-,(empty),-,-,-,-,-,-,FQqIlTK5VINV5mrfk,-,text/json,HueSwitch
CHTVlj30nNDbtIHuPc,34090,80,1,GET,/api/1d7a2f22157658516ebbad4748c9f43/sensors,-,1.1,Dalvik/2.1.0 (Linux; U; Android 5.1.1; SM-N7505 Build/LMY47X),-,0,451,200,OK,-,-,(empty),-,-,-,-,-,-,FvQCi91rxPo8GslBue,-,text/json,HueSwitch
CGda9Q2ESExkz4buGc,42983,80,1,GET,/api/1d7a2f22157658516ebbad4748c9f43/sensors,-,1.1,Dalvik/2.1.0 (Linux; U; Android 5.1.1; SM-N7505 Build/LMY47X),-,0,451,200,OK,-,-,(empty),-,-,-,-,-,-,F5lIYy2E3zXgR85Dd8,-,text/json,HueSwitch
CO49O42akvFOIhnOK7,50042,80,1,GET,/api/1d7a2f22157658516ebbad4748c9f43/sensors,-,1.1,Dalvik/2.1.0 (Linux; U; Android 5.1.1; SM-N7505 Build/LMY47X),-,0,451,200,OK,-,-,(empty),-,-,-,-,-,-,FeuBEe4kQB0497FzWf,-,text/json,HueSwitch
CaFlmd2G7YIZCu4XRb,57475,80,1,GET,/api/1d7a2f22157658516ebbad4748c9f43/sensors/new,-,1.1,Dalvik/2.1.0 (Linux; U; Android 5.1.1; SM-N7505 Build/LMY47X),-,0,49,200,OK,-,-,(empty),-,-,-,-,-,-,FLsoqb3Vkfq5Ar3s9d,-,text/json,HueSwitch
CDUpRFHedahGEFYcg,38369,80,1,GET,/api/1d7a2f22157658516ebbad4748c9f43/sensors,-,1.1,Dalvik/2.1.0 (Linux; U; Android 5.1.1; SM-N7505 Build/LMY47X),-,0,451,200,OK,-,-,(empty),-,-,-,-,-,-,FT34WQNfbLjU9ldj,-,text/json,HueSwitch
CdaQpb3JgiK1ERyZx,60162,80,1,GET,/api/1d7a2f22157658516ebbad4748c9f43/sensors,-,1.1,Dalvik/2.1.0 (Linux; U; Android 5.1.1; SM-N7505 Build/LMY47X),-,0,451,200,OK,-,-,(empty),-,-,-,-,-,-,FRqgrv17uQ35hkj9pg,-,text/json,HueSwitch
CboQav3wrKvUiOeSN3,37867,80,1,GET,/api/1d7a2f22157658516ebbad4748c9f43/sensors,-,1.1,Dalvik/2.1.0 (Linux; U; Android 5.1.1; SM-N7505 Build/LMY47X),-,0,451,200,OK,-,-,(empty),-,-,-,-,-,-,FPuFOjuel4VajELq1,-,text/json,HueSwitch
CVZaOs1SAwLHVQ75j6,55920,80,1,GET,/api/1d7a2f22157658516ebbad4748c9f43/sensors,-,1.1,Dalvik/2.1.0 (Linux; U; Android 5.1.1; SM-N7505 Build/LMY47X),-,0,464,200,OK,-,-,(empty),-,-,-,-,-,-,FPcqlz440IYhUb53P7,-,text/json,HueSwitch
CBL8Zb3vtQx6xVPbc2,35436,80,1,GET,/api/1d7a2f22157658516ebbad4748c9f43/sensors/new,-,1.1,Dalvik/2.1.0 (Linux; U; Android 5.1.1; SM-N7505 Build/LMY47X),-,0,49,200,OK,-,-,(empty),-,-,-,-,-,-,FZJPXg4TCvamy0g7gc,-,text/json,HueSwitch
CnYINM26XOi8cVUhIb,48771,80,1,GET,/api/1d7a2f22157658516ebbad4748c9f43/sensors,-,1.1,Dalvik/2.1.0 (Linux; U; Android 5.1.1; SM-N7505 Build/LMY47X),-,0,464,200,OK,-,-,(empty),-,-,-,-,-,-,FoI8m13eA0dCYzHQtf,-,text/json,HueSwitch
CchUfM27VgZanXOZle,44726,80,1,GET,/api/1d7a2f22157658516ebbad4748c9f43/sensors,-,1.1,Dalvik/2.1.0 (Linux; U; Android 5.1.1; SM-N7505 Build/LMY47X),-,0,464,200,OK,-,-,(empty),-,-,-,-,-,-,FBx4ua1zBEcTiFCJhj,-,text/json,HueSwitch
CcWcFhWoO14uFFvl,60554,80,1,GET,/api/1d7a2f22157658516ebbad4748c9f43/sensors,-,1.1,Dalvik/2.1.0 (Linux; U; Android 5.1.1; SM-N7505 Build/LMY47X),-,0,464,200,OK,-,-,(empty),-,-,-,-,-,-,F8poVV277hOGVDZ5C4,-,text/json,HueSwitch
CZKn9R2xKzt0UEBiQi,32797,80,1,GET,/api/1d7a2f22157658516ebbad4748c9f43/sensors,-,1.1,Dalvik/2.1.0 (Linux; U; Android 5.1.1; SM-N7505 Build/LMY47X),-,0,464,200,OK,-,-,(empty),-,-,-,-,-,-,FQBcGt47IQg0AGQrid,-,text/json,HueSwitch
CsCPGa1LPbTee4gOW2,42645,80,1,GET,/api/1d7a2f22157658516ebbad4748c9f43/sensors/new,-,1.1,Dalvik/2.1.0 (Linux; U; Android 5.1.1; SM-N7505 Build/LMY47X),-,0,49,200,OK,-,-,(empty),-,-,-,-,-,-,Fbojt54MkukW4eBkHb,-,text/json,HueSwitch
Ce8nheXTHIYlQJge4,38974,80,1,GET,/api/1d7a2f22157658516ebbad4748c9f43/sensors,-,1.1,Dalvik/2.1.0 (Linux; U; Android 5.1.1; SM-N7505 Build/LMY47X),-,0,464,200,OK,-,-,(empty),-,-,-,-,-,-,FhPnra4ZO5q2I1hyCa,-,text/json,HueSwitch
CYiHg3QGRxkHj3Bgc,53646,80,1,GET,/api/1d7a2f22157658516ebbad4748c9f43/sensors,-,1.1,Dalvik/2.1.0 (Linux; U; Android 5.1.1; SM-N7505 Build/LMY47X),-,0,464,200,OK,-,-,(empty),-,-,-,-,-,-,FafWpo2M8elqASl43c,-,text/json,HueSwitch
Cd8IIe4GIq7N3JwuQc,57020,80,1,GET,/api/1d7a2f22157658516ebbad4748c9f43/sensors,-,1.1,Dalvik/2.1.0 (Linux; U; Android 5.1.1; SM-N7505 Build/LMY47X),-,0,464,200,OK,-,-,(empty),-,-,-,-,-,-,FQcns327YUdfzUiDk,-,text/json,HueSwitch
CJyJnb3MH4p78cy3q5,50178,80,1,GET,/api/1d7a2f22157658516ebbad4748c9f43,-,1.1,Dalvik/2.1.0 (Linux; U; Android 5.1.1; SM-N7505 Build/LMY47X),-,0,4142,200,OK,-,-,(empty),-,-,-,-,-,-,FGyjqA1JhORj6R20mi,-,text/json,HueSwitch
CRVlU23anOr2Xs7Cnj,36772,80,1,GET,/api/1d7a2f22157658516ebbad4748c9f43/sensors,-,1.1,Dalvik/2.1.0 (Linux; U; Android 5.1.1; SM-N7505 Build/LMY47X),-,0,464,200,OK,-,-,(empty),-,-,-,-,-,-,FXfPU8o2tXnnWI8n5,-,text/json,HueSwitch
CgpKb54tOwzNWqegG4,38970,80,1,GET,/api/1d7a2f22157658516ebbad4748c9f43/sensors/new,-,1.1,Dalvik/2.1.0 (Linux; U; Android 5.1.1; SM-N7505 Build/LMY47X),-,0,49,200,OK,-,-,(empty),-,-,-,-,-,-,FFS0AB4Jf47bebGofg,-,text/json,HueSwitch
CvZXCzssqddkKSfPa,59831,80,1,GET,/api/1d7a2f22157658516ebbad4748c9f43/sensors,-,1.1,Dalvik/2.1.0 (Linux; U; Android 5.1.1; SM-N7505 Build/LMY47X),-,0,464,200,OK,-,-,(empty),-,-,-,-,-,-,FqLdaD30ca6vnqQBR7,-,text/json,HueSwitch
CiHLXj4BqNdSxNRdse,38399,80,1,GET,/api/1d7a2f22157658516ebbad4748c9f43/sensors,-,1.1,Dalvik/2.1.0 (Linux; U; Android 5.1.1; SM-N7505 Build/LMY47X),-,0,464,200,OK,-,-,(empty),-,-,-,-,-,-,F4vr8l4oKNhyAiGKH2,-,text/json,HueSwitch
Cbzv4k3Ma058koL4g,48625,80,1,GET,/api/1d7a2f22157658516ebbad4748c9f43/sensors,-,1.1,Dalvik/2.1.0 (Linux; U; Android 5.1.1; SM-N7505 Build/LMY47X),-,0,464,200,OK,-,-,(empty),-,-,-,-,-,-,Fmp8q74mdtE8Zz0aBb,-,text/json,HueSwitch
CJZolq4Rpvhuyw0kf7,42690,80,1,GET,/api/1d7a2f22157658516ebbad4748c9f43/sensors,-,1.1,Dalvik/2.1.0 (Linux; U; Android 5.1.1; SM-N7505 Build/LMY47X),-,0,464,200,OK,-,-,(empty),-,-,-,-,-,-,FN5yLQ16JONyBDqE33,-,text/json,HueSwitch
CWP9giAeYVdyfFXa2,59116,80,1,GET,/api/1d7a2f22157658516ebbad4748c9f43/sensors/new,-,1.1,Dalvik/2.1.0 (Linux; U; Android 5.1.1; SM-N7505 Build/LMY47X),-,0,49,200,OK,-,-,(empty),-,-,-,-,-,-,FlKsjW1LlRwCJY7Ov1,-,text/json,HueSwitch
CHfEAk4WAJwLLgh2oj,56828,80,1,GET,/api/1d7a2f22157658516ebbad4748c9f43/sensors,-,1.1,Dalvik/2.1.0 (Linux; U; Android 5.1.1; SM-N7505 Build/LMY47X),-,0,464,200,OK,-,-,(empty),-,-,-,-,-,-,FGlkAV3HVk1aJRoWdc,-,text/json,HueSwitch
CfXWXn4nnEuch5jjQl,45031,80,1,GET,/api/1d7a2f22157658516ebbad4748c9f43/sensors,-,1.1,Dalvik/2.1.0 (Linux; U; Android 5.1.1; SM-N7505 Build/LMY47X),-,0,464,200,OK,-,-,(empty),-,-,-,-,-,-,FplJnj3oUygfbYitv9,-,text/json,HueSwitch
C0Mwb14i0iPiu0Xqtj,46217,80,1,GET,/api/1d7a2f22157658516ebbad4748c9f43/sensors,-,1.1,Dalvik/2.1.0 (Linux; U; Android 5.1.1; SM-N7505 Build/LMY47X),-,0,464,200,OK,-,-,(empty),-,-,-,-,-,-,FycJs215mK0cJ5C4Od,-,text/json,HueSwitch
CUnVJdmPkKYNGBkCk,39090,80,1,GET,/api/1d7a2f22157658516ebbad4748c9f43/sensors,-,1.1,Dalvik/2.1.0 (Linux; U; Android 5.1.1; SM-N7505 Build/LMY47X),-,0,464,200,OK,-,-,(empty),-,-,-,-,-,-,FvsZBJ3tz4yrX7Hf9l,-,text/json,HueSwitch
Ce7hS83Pu2UUCUj6u6,53422,80,1,GET,/api/1d7a2f22157658516ebbad4748c9f43/sensors/new,-,1.1,Dalvik/2.1.0 (Linux; U; Android 5.1.1; SM-N7505 Build/LMY47X),-,0,49,200,OK,-,-,(empty),-,-,-,-,-,-,FUe8hGnefrfpphbc9,-,text/json,HueSwitch
Cw6KONXivBnQKROP,35565,80,1,GET,/api/1d7a2f22157658516ebbad4748c9f43/sensors,-,1.1,Dalvik/2.1.0 (Linux; U; Android 5.1.1; SM-N7505 Build/LMY47X),-,0,464,200,OK,-,-,(empty),-,-,-,-,-,-,FfVCLr3uM1Udn2no8,-,text/json,HueSwitch
CnAaN12Qov1skaDym4,50821,80,1,GET,/api/1d7a2f22157658516ebbad4748c9f43/sensors,-,1.1,Dalvik/2.1.0 (Linux; U; Android 5.1.1; SM-N7505 Build/LMY47X),-,0,464,200,OK,-,-,(empty),-,-,-,-,-,-,FtyU6o26m29Cpxc1xi,-,text/json,HueSwitch
CEpZxG2gw0ZFuy48l,45325,80,1,GET,/api/1d7a2f22157658516ebbad4748c9f43/sensors,-,1.1,Dalvik/2.1.0 (Linux; U; Android 5.1.1; SM-N7505 Build/LMY47X),-,0,464,200,OK,-,-,(empty),-,-,-,-,-,-,FUvkRd1ogLWTiMLTA,-,text/json,HueSwitch
CUeJxb7nsGwux0Hpf,60560,80,1,GET,/api/1d7a2f22157658516ebbad4748c9f43/sensors,-,1.1,Dalvik/2.1.0 (Linux; U; Android 5.1.1; SM-N7505 Build/LMY47X),-,0,464,200,OK,-,-,(empty),-,-,-,-,-,-,Fczfxi2tGz8fT9jOG6,-,text/json,HueSwitch
CRC3Id1xDnWROiaTc4,45347,80,1,GET,/api/1d7a2f22157658516ebbad4748c9f43/sensors/new,-,1.1,Dalvik/2.1.0 (Linux; U; Android 5.1.1; SM-N7505 Build/LMY47X),-,0,62,200,OK,-,-,(empty),-,-,-,-,-,-,F1Owei2SVAPCV7KUjg,-,text/json,HueSwitch
CIqqJiuwTfbaZ6GP9,39494,80,1,GET,/api/1d7a2f22157658516ebbad4748c9f43/sensors,-,1.1,Dalvik/2.1.0 (Linux; U; Android 5.1.1; SM-N7505 Build/LMY47X),-,0,464,200,OK,-,-,(empty),-,-,-,-,-,-,Fuug9l1bPJ6CgaeGSi,-,text/json,HueSwitch
CofHUC1jmqIvxG3X6i,42314,80,1,GET,/api/1d7a2f22157658516ebbad4748c9f43/sensors,-,1.1,Dalvik/2.1.0 (Linux; U; Android 5.1.1; SM-N7505 Build/LMY47X),-,0,464,200,OK,-,-,(empty),-,-,-,-,-,-,FyyA4147A8ynNN64le,-,text/json,HueSwitch
CpaqBl4w7Pmj1shyjf,46721,80,1,GET,/api/1d7a2f22157658516ebbad4748c9f43/sensors,-,1.1,Dalvik/2.1.0 (Linux; U; Android 5.1.1; SM-N7505 Build/LMY47X),-,0,464,200,OK,-,-,(empty),-,-,-,-,-,-,Fs0cRf1qMPvqhQ7kw7,-,text/json,HueSwitch
CN5pG1TBV0rI8Q5Tc,43918,80,1,GET,/api/1d7a2f22157658516ebbad4748c9f43/sensors,-,1.1,Dalvik/2.1.0 (Linux; U; Android 5.1.1; SM-N7505 Build/LMY47X),-,0,464,200,OK,-,-,(empty),-,-,-,-,-,-,FTFaTx3KLkBwCjhxk1,-,text/json,HueSwitch
CUZNBD2BCDg3eld6H7,58350,80,1,GET,/api/1d7a2f22157658516ebbad4748c9f43/sensors,-,1.1,Dalvik/2.1.0 (Linux; U; Android 5.1.1; SM-N7505 Build/LMY47X),-,0,464,200,OK,-,-,(empty),-,-,-,-,-,-,FCmVjMRcFp1zzBCXc,-,text/json,HueSwitch
CfN3WV3V18e3ccKQb3,46059,80,1,GET,/api/1d7a2f22157658516ebbad4748c9f43/sensors,-,1.1,Dalvik/2.1.0 (Linux; U; Android 5.1.1; SM-N7505 Build/LMY47X),-,0,464,200,OK,-,-,(empty),-,-,-,-,-,-,FrhOhy2x9a73wkyvRh,-,text/json,HueSwitch
CX7PnoQ8nsoNcaUgg,46695,80,1,GET,/api/1d7a2f22157658516ebbad4748c9f43/sensors,-,1.1,Dalvik/2.1.0 (Linux; U; Android 5.1.1; SM-N7505 Build/LMY47X),-,0,464,200,OK,-,-,(empty),-,-,-,-,-,-,Fd8i002Ha50jV9fnW,-,text/json,HueSwitch
CMT5f64gneQZk69dka,45583,80,1,GET,/api/1d7a2f22157658516ebbad4748c9f43,-,1.1,Dalvik/2.1.0 (Linux; U; Android 5.1.1; SM-N7505 Build/LMY47X),-,0,4142,200,OK,-,-,(empty),-,-,-,-,-,-,FV27my2LjmNBidRaki,-,text/json,HueSwitch
CEytfC4NJfkr7f8Dyc,55336,80,1,GET,/api/1d7a2f22157658516ebbad4748c9f43/sensors,-,1.1,Dalvik/2.1.0 (Linux; U; Android 5.1.1; SM-N7505 Build/LMY47X),-,0,464,200,OK,-,-,(empty),-,-,-,-,-,-,FMJaQ54OrrDjVKZSV7,-,text/json,HueSwitch
CzPoc9JsdLV5kENjj,51649,80,1,GET,/api/1d7a2f22157658516ebbad4748c9f43/sensors,-,1.1,Dalvik/2.1.0 (Linux; U; Android 5.1.1; SM-N7505 Build/LMY47X),-,0,464,200,OK,-,-,(empty),-,-,-,-,-,-,FGAzN93AuRPHckVdx8,-,text/json,HueSwitch
CS08XU1KPa39U3G80k,56038,80,1,GET,/api/1d7a2f22157658516ebbad4748c9f43/sensors,-,1.1,Dalvik/2.1.0 (Linux; U; Android 5.1.1; SM-N7505 Build/LMY47X),-,0,464,200,OK,-,-,(empty),-,-,-,-,-,-,F55acngh231Elbnm,-,text/json,HueSwitch
C3Npsqs64WdoJQme9,56196,80,1,GET,/api/1d7a2f22157658516ebbad4748c9f43/sensors,-,1.1,Dalvik/2.1.0 (Linux; U; Android 5.1.1; SM-N7505 Build/LMY47X),-,0,464,200,OK,-,-,(empty),-,-,-,-,-,-,F4bYO21I6Ds4CrFzk2,-,text/json,HueSwitch
CdmPnJ3fL8dttjflz9,38923,80,1,GET,/api/1d7a2f22157658516ebbad4748c9f43/sensors,-,1.1,Dalvik/2.1.0 (Linux; U; Android 5.1.1; SM-N7505 Build/LMY47X),-,0,464,200,OK,-,-,(empty),-,-,-,-,-,-,FlsbqU2eWjJCfrY6r8,-,text/json,HueSwitch
Crd0Z9FQdeb9LPS8i,60483,80,1,GET,/api/1d7a2f22157658516ebbad4748c9f43/sensors,-,1.1,Dalvik/2.1.0 (Linux; U; Android 5.1.1; SM-N7505 Build/LMY47X),-,0,464,200,OK,-,-,(empty),-,-,-,-,-,-,FdQ7XHOcc2DMs1Hq6,-,text/json,HueSwitch
CUvI7k13H6cLqYGd7k,33915,80,1,GET,/api/1d7a2f22157658516ebbad4748c9f43/sensors,-,1.1,Dalvik/2.1.0 (Linux; U; Android 5.1.1; SM-N7505 Build/LMY47X),-,0,464,200,OK,-,-,(empty),-,-,-,-,-,-,Fw8sSw2dBx2M6Y7Mli,-,text/json,HueSwitch
CQs4JOoGjXwNB0VQ6,54729,80,1,GET,/api/1d7a2f22157658516ebbad4748c9f43/sensors,-,1.1,Dalvik/2.1.0 (Linux; U; Android 5.1.1; SM-N7505 Build/LMY47X),-,0,464,200,OK,-,-,(empty),-,-,-,-,-,-,FYK4nL2ZFOWR0pSHpi,-,text/json,HueSwitch
COkTi64j1AXYfEGfLe,47452,80,1,GET,/api/1d7a2f22157658516ebbad4748c9f43/sensors,-,1.1,Dalvik/2.1.0 (Linux; U; Android 5.1.1; SM-N7505 Build/LMY47X),-,0,464,200,OK,-,-,(empty),-,-,-,-,-,-,F89cEk2RfevlrL0Mbk,-,text/json,HueSwitch
CSaJNR3OqLTpFeRIda,60035,80,1,GET,/api/1d7a2f22157658516ebbad4748c9f43/sensors,-,1.1,Dalvik/2.1.0 (Linux; U; Android 5.1.1; SM-N7505 Build/LMY47X),-,0,464,200,OK,-,-,(empty),-,-,-,-,-,-,FGlTL6u6nsPZPzOx,-,text/json,HueSwitch
COW32N1GWNb9ChfuGh,43412,80,1,GET,/api/1d7a2f22157658516ebbad4748c9f43/sensors,-,1.1,Dalvik/2.1.0 (Linux; U; Android 5.1.1; SM-N7505 Build/LMY47X),-,0,464,200,OK,-,-,(empty),-,-,-,-,-,-,FOLshGAG058qcYe7k,-,text/json,HueSwitch
CwK8DC1RPQvkLcM4V7,35280,80,1,GET,/api/1d7a2f22157658516ebbad4748c9f43/sensors,-,1.1,Dalvik/2.1.0 (Linux; U; Android 5.1.1; SM-N7505 Build/LMY47X),-,0,464,200,OK,-,-,(empty),-,-,-,-,-,-,FDSVVrcrNuVdeKwbb,-,text/json,HueSwitch
CFfcCzBHCHXakAXa2,52877,80,1,GET,/api/1d7a2f22157658516ebbad4748c9f43/sensors,-,1.1,Dalvik/2.1.0 (Linux; U; Android 5.1.1; SM-N7505 Build/LMY47X),-,0,464,200,OK,-,-,(empty),-,-,-,-,-,-,FMdmQ7pBpp9OmY8o9,-,text/json,HueSwitch
CEgAT02WcNFJ7dDk4c,53240,80,1,GET,/api/1d7a2f22157658516ebbad4748c9f43/sensors,-,1.1,Dalvik/2.1.0 (Linux; U; Android 5.1.1; SM-N7505 Build/LMY47X),-,0,464,200,OK,-,-,(empty),-,-,-,-,-,-,FNVuCZ1Wj5EPg1xiL1,-,text/json,HueSwitch
Ca9kgp1zZygwpJ2g0e,46240,80,1,GET,/api/1d7a2f22157658516ebbad4748c9f43/sensors,-,1.1,Dalvik/2.1.0 (Linux; U; Android 5.1.1; SM-N7505 Build/LMY47X),-,0,464,200,OK,-,-,(empty),-,-,-,-,-,-,Fr1Ab81J6mOd8JZEze,-,text/json,HueSwitch
CK5Vmf1NW25BJovQCi,56423,80,1,GET,/api/1d7a2f22157658516ebbad4748c9f43/sensors,-,1.1,Dalvik/2.1.0 (Linux; U; Android 5.1.1; SM-N7505 Build/LMY47X),-,0,464,200,OK,-,-,(empty),-,-,-,-,-,-,FYAbAY2WnuKyDlrzSj,-,text/json,HueSwitch
CqGd9n30Z6eokmQaP8,58125,80,1,GET,/api/1d7a2f22157658516ebbad4748c9f43/sensors,-,1.1,Dalvik/2.1.0 (Linux; U; Android 5.1.1; SM-N7505 Build/LMY47X),-,0,464,200,OK,-,-,(empty),-,-,-,-,-,-,FYwOIl4AsNERQVdLy1,-,text/json,HueSwitch
CYgdVa3Z1kGFJHqa3l,39098,80,1,GET,/api/1d7a2f22157658516ebbad4748c9f43/sensors,-,1.1,Dalvik/2.1.0 (Linux; U; Android 5.1.1; SM-N7505 Build/LMY47X),-,0,464,200,OK,-,-,(empty),-,-,-,-,-,-,F0okee59Ou9j6H7A1,-,text/json,HueSwitch
CvE2KovM8fHKOwWV9,32862,80,1,GET,/api/1d7a2f22157658516ebbad4748c9f43/sensors,-,1.1,Dalvik/2.1.0 (Linux; U; Android 5.1.1; SM-N7505 Build/LMY47X),-,0,464,200,OK,-,-,(empty),-,-,-,-,-,-,FAWEnJ2BIhYWXEzEXe,-,text/json,HueSwitch
CCErDt1IhnycB64mQ6,52146,80,1,GET,/api/1d7a2f22157658516ebbad4748c9f43/sensors,-,1.1,Dalvik/2.1.0 (Linux; U; Android 5.1.1; SM-N7505 Build/LMY47X),-,0,464,200,OK,-,-,(empty),-,-,-,-,-,-,FciHke3c5oJuRhFDQ5,-,text/json,HueSwitch
CJqqWrQqfJzXAgNTg,40486,80,1,GET,/api/1d7a2f22157658516ebbad4748c9f43,-,1.1,Dalvik/2.1.0 (Linux; U; Android 5.1.1; SM-N7505 Build/LMY47X),-,0,4142,200,OK,-,-,(empty),-,-,-,-,-,-,FQwsBj47MPctlF0b16,-,text/json,HueSwitch
CBQjBC4GR4sZDr2bib,58876,80,1,GET,/api/1d7a2f22157658516ebbad4748c9f43/sensors,-,1.1,Dalvik/2.1.0 (Linux; U; Android 5.1.1; SM-N7505 Build/LMY47X),-,0,464,200,OK,-,-,(empty),-,-,-,-,-,-,FzYM394pTTlYh0dL4f,-,text/json,HueSwitch
CJq6oq3775RYiAFtt1,50653,80,1,GET,/api/1d7a2f22157658516ebbad4748c9f43/sensors,-,1.1,Dalvik/2.1.0 (Linux; U; Android 5.1.1; SM-N7505 Build/LMY47X),-,0,464,200,OK,-,-,(empty),-,-,-,-,-,-,FNIfr44gvdfouWZ9U5,-,text/json,HueSwitch
CPuAUv2SbBRruFqblk,45355,80,1,GET,/api/1d7a2f22157658516ebbad4748c9f43/sensors,-,1.1,Dalvik/2.1.0 (Linux; U; Android 5.1.1; SM-N7505 Build/LMY47X),-,0,464,200,OK,-,-,(empty),-,-,-,-,-,-,FKj4Wy2mqvU0mXCMJi,-,text/json,HueSwitch
CQGmGDtTQXHZgD3P5,50434,80,1,GET,/api/1d7a2f22157658516ebbad4748c9f43/sensors,-,1.1,Dalvik/2.1.0 (Linux; U; Android 5.1.1; SM-N7505 Build/LMY47X),-,0,464,200,OK,-,-,(empty),-,-,-,-,-,-,FqsAc02DMdkKSPPv7l,-,text/json,HueSwitch
CqYwn93CEeFSvp58M4,58367,80,1,GET,/api/1d7a2f22157658516ebbad4748c9f43/sensors,-,1.1,Dalvik/2.1.0 (Linux; U; Android 5.1.1; SM-N7505 Build/LMY47X),-,0,464,200,OK,-,-,(empty),-,-,-,-,-,-,FBctSx2KLrORftGPnd,-,text/json,HueSwitch
Cf0Rdg4KwxuvRJ4HOl,38099,80,1,GET,/api/1d7a2f22157658516ebbad4748c9f43/sensors,-,1.1,Dalvik/2.1.0 (Linux; U; Android 5.1.1; SM-N7505 Build/LMY47X),-,0,464,200,OK,-,-,(empty),-,-,-,-,-,-,FTr9Aj3gHBenm2LCQl,-,text/json,HueSwitch
C7YSRK2KR2KY1XuTli,59934,80,1,GET,/api/1d7a2f22157658516ebbad4748c9f43/sensors,-,1.1,Dalvik/2.1.0 (Linux; U; Android 5.1.1; SM-N7505 Build/LMY47X),-,0,464,200,OK,-,-,(empty),-,-,-,-,-,-,F3Ndh93xACAMXAXgGf,-,text/json,HueSwitch
CJaWHE4EYwgIs8qf7e,53942,80,1,GET,/api/1d7a2f22157658516ebbad4748c9f43/sensors,-,1.1,Dalvik/2.1.0 (Linux; U; Android 5.1.1; SM-N7505 Build/LMY47X),-,0,464,200,OK,-,-,(empty),-,-,-,-,-,-,F65r8eGoE37ueSJof,-,text/json,HueSwitch
C1Kq5n4au6ZJaidGde,59421,80,1,GET,/api/1d7a2f22157658516ebbad4748c9f43/sensors,-,1.1,Dalvik/2.1.0 (Linux; U; Android 5.1.1; SM-N7505 Build/LMY47X),-,0,464,200,OK,-,-,(empty),-,-,-,-,-,-,FrMBTQ19kRvYQJX1U2,-,text/json,HueSwitch
Cm3P3Z1wysroDx1Fa3,45507,80,1,GET,/api/1d7a2f22157658516ebbad4748c9f43/sensors,-,1.1,Dalvik/2.1.0 (Linux; U; Android 5.1.1; SM-N7505 Build/LMY47X),-,0,464,200,OK,-,-,(empty),-,-,-,-,-,-,FBiuXntCT5oNd4FW1,-,text/json,HueSwitch
CWD91W2Z1jwxUPC0fl,48434,80,1,GET,/api/1d7a2f22157658516ebbad4748c9f43/sensors,-,1.1,Dalvik/2.1.0 (Linux; U; Android 5.1.1; SM-N7505 Build/LMY47X),-,0,464,200,OK,-,-,(empty),-,-,-,-,-,-,FcciNd22hYDltM40G3,-,text/json,HueSwitch
C0ycP14GwK9QXI4Jnl,37103,80,1,GET,/api/1d7a2f22157658516ebbad4748c9f43/sensors,-,1.1,Dalvik/2.1.0 (Linux; U; Android 5.1.1; SM-N7505 Build/LMY47X),-,0,464,200,OK,-,-,(empty),-,-,-,-,-,-,FtCSBK2eSE7PA6leRj,-,text/json,HueSwitch
CLRVGr4O0qWqRf2iAd,37796,80,1,GET,/api/1d7a2f22157658516ebbad4748c9f43/sensors,-,1.1,Dalvik/2.1.0 (Linux; U; Android 5.1.1; SM-N7505 Build/LMY47X),-,0,464,200,OK,-,-,(empty),-,-,-,-,-,-,F8KNw54gHOgtVLpWMe,-,text/json,HueSwitch
CZB9GR3hbXURkMv8Mi,49513,80,1,GET,/api/1d7a2f22157658516ebbad4748c9f43/sensors,-,1.1,Dalvik/2.1.0 (Linux; U; Android 5.1.1; SM-N7505 Build/LMY47X),-,0,464,200,OK,-,-,(empty),-,-,-,-,-,-,FGVAQAZTsQSACSKW1,-,text/json,HueSwitch
CYLWsjwkaRQX39kC1,52844,80,1,GET,/api/1d7a2f22157658516ebbad4748c9f43/sensors,-,1.1,Dalvik/2.1.0 (Linux; U; Android 5.1.1; SM-N7505 Build/LMY47X),-,0,464,200,OK,-,-,(empty),-,-,-,-,-,-,FdZ3Ic1rnrWuxD1hk6,-,text/json,HueSwitch
Cvpif3RQc1sZln9U2,36018,80,1,GET,/api/1d7a2f22157658516ebbad4748c9f43/sensors,-,1.1,Dalvik/2.1.0 (Linux; U; Android 5.1.1; SM-N7505 Build/LMY47X),-,0,464,200,OK,-,-,(empty),-,-,-,-,-,-,F4czrb4Xqcd9690PMl,-,text/json,HueSwitch
C7XXi14oH0Hi8dWpxb,33279,80,1,GET,/api/1d7a2f22157658516ebbad4748c9f43/sensors,-,1.1,Dalvik/2.1.0 (Linux; U; Android 5.1.1; SM-N7505 Build/LMY47X),-,0,464,200,OK,-,-,(empty),-,-,-,-,-,-,FJvnYq4qwjrY8q2rgf,-,text/json,HueSwitch
CMaNBx36uOM0rHEXja,58741,80,1,GET,/api/1d7a2f22157658516ebbad4748c9f43/sensors,-,1.1,Dalvik/2.1.0 (Linux; U; Android 5.1.1; SM-N7505 Build/LMY47X),-,0,464,200,OK,-,-,(empty),-,-,-,-,-,-,FqT5283XWVVrHGFVh8,-,text/json,HueSwitch
C1KvvI125gTEeDRw26,45215,80,1,GET,/api/1d7a2f22157658516ebbad4748c9f43/sensors,-,1.1,Dalvik/2.1.0 (Linux; U; Android 5.1.1; SM-N7505 Build/LMY47X),-,0,464,200,OK,-,-,(empty),-,-,-,-,-,-,FfjU8s4OOKw4h3pAbf,-,text/json,HueSwitch
C7dMlj2ykMBc508QQg,52834,80,1,GET,/api/1d7a2f22157658516ebbad4748c9f43/sensors,-,1.1,Dalvik/2.1.0 (Linux; U; Android 5.1.1; SM-N7505 Build/LMY47X),-,0,464,200,OK,-,-,(empty),-,-,-,-,-,-,FC1oX11LpQ9KKk8wH9,-,text/json,HueSwitch
CiEnxE4hRTinPOGO84,40516,80,1,GET,/api/1d7a2f22157658516ebbad4748c9f43,-,1.1,Dalvik/2.1.0 (Linux; U; Android 5.1.1; SM-N7505 Build/LMY47X),-,0,4142,200,OK,-,-,(empty),-,-,-,-,-,-,FOF7IdPtT7x2QvBZ8,-,text/json,HueSwitch
CATzoO33sxQ1ymlKYh,45554,80,1,GET,/api/1d7a2f22157658516ebbad4748c9f43/sensors,-,1.1,Dalvik/2.1.0 (Linux; U; Android 5.1.1; SM-N7505 Build/LMY47X),-,0,464,200,OK,-,-,(empty),-,-,-,-,-,-,F7IPcl1mbkD56nHfAl,-,text/json,HueSwitch
CAfbCM1pIMgtCTKBz3,56763,80,1,GET,/api/1d7a2f22157658516ebbad4748c9f43/sensors,-,1.1,Dalvik/2.1.0 (Linux; U; Android 5.1.1; SM-N7505 Build/LMY47X),-,0,464,200,OK,-,-,(empty),-,-,-,-,-,-,FO8Qj21egO8o668Jx8,-,text/json,HueSwitch
CE43m81Y7ksZT5MAac,42047,80,1,GET,/api/1d7a2f22157658516ebbad4748c9f43/sensors,-,1.1,Dalvik/2.1.0 (Linux; U; Android 5.1.1; SM-N7505 Build/LMY47X),-,0,464,200,OK,-,-,(empty),-,-,-,-,-,-,FuM1CG3kBVOKMwJai5,-,text/json,HueSwitch
Cw3RYg4Jt9yeFgvvQg,46137,80,1,GET,/api/1d7a2f22157658516ebbad4748c9f43/sensors,-,1.1,Dalvik/2.1.0 (Linux; U; Android 5.1.1; SM-N7505 Build/LMY47X),-,0,464,200,OK,-,-,(empty),-,-,-,-,-,-,FZ2Dl24f7e4Giob6Sl,-,text/json,HueSwitch
COvhZZ1F5dcWbOOgc,55057,80,1,GET,/dst?timezone=Europe/Berlin&ts=1473086041&hash=2bc0d43712b493b389dc8f6a1909f39f&mac=1C5F2BAAFD4E&model=DCH-G020-A2,-,1.1,Wget/1.13 (linux-uclibc),-,0,32,200,OK,-,-,(empty),-,-,-,-,-,-,Fg0HuB4f6umQhSitC9,-,text/plain,D-LinkHomeHub
C7IKOS2v2qdLaEss91,54756,80,1,GET,/router/firmware/query.aspx?model=DCH-G020_Ax_Default_FW_0122_1C5F2BAAFD4E,-,1.1,-,-,0,9,404,Not Found,-,-,(empty),-,-,-,-,-,-,FYg6aFV3XAqLi5xI9,-,-,D-LinkHomeHub
CSnNfM3e0V2QeyASPe,43695,80,1,GET,/agent/upgrade?p=zhzIF9nIbKe/OVCrwMHCYI1+v/4yUXqPskBmJ7hIdlY233btWGM8bqUeUBySHBduPFQknBmeer8ReEXA2FZDZGLQvs5dEKRZRnkyTydk+wGvHYZ2Y9VHb3TOuhQp4+AF&iv=OkQPNquD3SXY5mRdgqdo6g==,-,1.1,Wget/1.13 (linux-uclibc),-,0,310,200,OK,-,-,(empty),-,-,-,-,-,-,Ffbcs842A28JTyxsKh,-,text/plain,D-LinkHomeHub
CfWfOmtpVsQvo29T1,60044,80,1,GET,/router/firmware/query.aspx?model=DCH-G020_Ax_Default_FW_0122_1C5F2BAAFD4E,-,1.1,-,-,0,9,404,Not Found,-,-,(empty),-,-,-,-,-,-,FLumOz2r0h02kusSL2,-,-,D-LinkHomeHub
C110D81Fnlbscd2B0d,57963,80,1,POST,/HNAP1/,-,1.1,ksoap2-android/2.6.0+,-,457,458,200,OK,-,-,(empty),-,-,-,FKVPBgHAjcJDy4Mxa,-,application/soap+xml,FKLo573uvn4hn0K25f,-,application/soap+xml,D-LinkHomeHub
C110D81Fnlbscd2B0d,57963,80,2,POST,/HNAP1/,-,1.1,ksoap2-android/2.6.0+,-,487,350,200,OK,-,-,(empty),-,-,-,FwVPRw3xM8ksFsc99h,-,application/soap+xml,FjYRgH6Bzr78Sq4Zj,-,application/soap+xml,D-LinkHomeHub
C110D81Fnlbscd2B0d,57963,80,3,POST,/HNAP1/,-,1.1,ksoap2-android/2.6.0+,-,363,3502,200,OK,-,-,(empty),-,-,-,F658yr1UFx5Ck6QpP4,-,application/soap+xml,F0vff61bzpkkuZHlXd,-,application/soap+xml,D-LinkHomeHub
C110D81Fnlbscd2B0d,57963,80,4,POST,/HNAP1/,-,1.1,ksoap2-android/2.6.0+,-,563,393,200,OK,-,-,(empty),-,-,-,FsP6NX3l6t0PzKBB2g,-,application/soap+xml,FfFF5XcE3jA3RHwW,-,application/soap+xml,D-LinkHomeHub
C110D81Fnlbscd2B0d,57963,80,5,POST,/HNAP1/,-,1.1,ksoap2-android/2.6.0+,-,541,397,200,OK,-,-,(empty),-,-,-,FGlaTM2up5WEoexLSf,-,application/soap+xml,FK62Ymk2ZUS1ObQT6,-,application/soap+xml,D-LinkHomeHub
C110D81Fnlbscd2B0d,57963,80,6,POST,/HNAP1/,-,1.1,ksoap2-android/2.6.0+,-,359,647,200,OK,-,-,(empty),-,-,-,FNNOUP5es4s5ibCag,-,application/soap+xml,FAVEaJ16GHg0bbdrD4,-,application/soap+xml,D-LinkHomeHub
CzQwQWFf8951H0NMh,46687,80,1,GET,/dst?timezone=Europe/Berlin&ts=1473086131&hash=e630b87b18ba30399a1a17998b61a11f,-,1.1,Wget/1.13 (linux-uclibc),-,0,32,200,OK,-,-,(empty),-,-,-,-,-,-,F5m8BBB6jj7CUbHD9,-,text/plain,D-LinkHomeHub
C110D81Fnlbscd2B0d,57963,80,7,POST,/HNAP1/,-,1.1,ksoap2-android/2.6.0+,-,521,361,200,OK,-,-,(empty),-,-,-,FHOHrK2FnZonnKl2r,-,application/soap+xml,FLu96ZcH4gQb7sQci,-,application/soap+xml,D-LinkHomeHub
CtypYfpc7MYjfMJ6e,39306,80,1,GET,/agent/upgrade?p=9iZSGU/YO91Rmzi3vmeuygk7mMcP8wEssHff4oL458NkYq1bZcOUSCiAHSm+wheGMhjs9C0B0B/znuTV+D3fvc1EeCrcozhG8npyv3b2cOysw2QXA++FFS93iZCTsbIQ&iv=XuZemv+Is0EIfaGD4G6GVg==,-,1.1,Wget/1.13 (linux-uclibc),-,0,310,200,OK,-,-,(empty),-,-,-,-,-,-,FRGcP83nnV2M7GKgkg,-,text/plain,D-LinkHomeHub
CfJca93eBz8gml5PJc,59919,80,1,GET,/static-us-west.dch.dlink.com/firmware/agent/DCH-G020/D-Link-DCH-G020-1.7.5-AX,-,1.1,Wget/1.13 (linux-uclibc),-,0,196060,200,OK,-,-,(empty),-,-,-,-,-,-,F7MpR41c9Q1CJhCYn8,-,application/x-executable,D-LinkHomeHub
CExBgY1xNf51vbE2Li,49153,80,1,POST,/cgi-bin/once,-,1.1,Withings UserAgent,-,12,12,200,OK,-,-,(empty),-,-,-,FMHMUu1sw9gOFjS55j,-,text/plain,FZuEmy27PkeXPUWKpk,-,text/json,Withings
C5WqDIfqVM0oq60li,49154,80,1,POST,/cgi-bin/once,-,1.1,Withings UserAgent,-,10,48,200,OK,-,-,(empty),-,-,-,FNn2gd32TsvztCkx7k,-,text/plain,FpJfTk4xZ0tUVZRt9k,-,text/json,Withings
C5WqDIfqVM0oq60li,49154,80,2,POST,/cgi-bin/session,-,1.1,Withings UserAgent,-,160,219,200,OK,-,-,(empty),-,-,-,FKoOY94c72tUn4UU82,-,text/plain,FCpyzH14L55YAgIg81,-,text/json,Withings
C5WqDIfqVM0oq60li,49154,80,3,POST,/cgi-bin/maint,-,1.1,Withings UserAgent,-,4473,12,200,OK,100,Continue,(empty),-,-,-,FSPyvE2ZmvIRxv8wii,-,text/plain,F3x66N1rQfmvApBx1k,-,text/json,Withings
C5WqDIfqVM0oq60li,49154,80,4,POST,/cgi-bin/association,-,1.1,Withings UserAgent,-,93,44,200,OK,-,-,(empty),-,-,-,FQWi8M2lkJiWai0Kfb,-,text/plain,F0v6fy1KHgIaL0v62k,-,text/json,Withings
C5WqDIfqVM0oq60li,49154,80,5,POST,/cgi-bin/session,-,1.1,Withings UserAgent,-,46,12,200,OK,-,-,(empty),-,-,-,FI5EQs4Hi8EQdosSS4,-,text/plain,FdcFBK0afj8TN4nsb,-,text/json,Withings
CyLs9320ORDIduIMKg,48910,80,1,POST,/HNAP1/,-,1.1,ksoap2-android/2.6.0+,-,457,458,200,OK,-,-,(empty),-,-,-,FkgL9Y2FizYkIpUMNg,-,application/soap+xml,FYSc3X305DhXLs3wC7,-,application/soap+xml,D-LinkCam
CdiWf93FVFqVdeOUg3,53619,80,1,POST,/HNAP1/,-,1.1,ksoap2-android/2.6.0+,-,487,350,200,OK,-,-,(empty),-,-,-,FhVJhW1Q9equulST3g,-,application/soap+xml,FDymds34iCsLobxIrb,-,application/soap+xml,D-LinkCam
CfpwDt04usob6J7Dd,37894,80,1,POST,/HNAP1/,-,1.1,ksoap2-android/2.6.0+,-,363,2424,200,OK,-,-,(empty),-,-,-,Fe4slE2lo4KcAjMVii,-,application/soap+xml,F6wWWu17UXhPLGyfxb,-,application/soap+xml,D-LinkCam
CJXFfn2emo2ZcgcBOb,52650,80,1,POST,/HNAP1/,-,1.1,ksoap2-android/2.6.0+,-,692,393,200,OK,-,-,(empty),-,-,-,FmD0gh3NcrDTfZQq29,-,application/soap+xml,FEpjdK2KzKaoWLE7Il,-,application/soap+xml,D-LinkCam
CpYeDAIRN72E6wvq1,52993,80,1,POST,/HNAP1/,-,1.1,ksoap2-android/2.6.0+,-,457,458,200,OK,-,-,(empty),-,-,-,FcY6r91Scrm7R0wxQ3,-,application/soap+xml,FrFLfVtLI6d1ucXh9,-,application/soap+xml,D-LinkCam
Cwvrc14XvNy6o7wR9h,45077,80,1,POST,/HNAP1/,-,1.1,ksoap2-android/2.6.0+,-,487,350,200,OK,-,-,(empty),-,-,-,FE3SxfIvnIVOLk4lb,-,application/soap+xml,FAERWP1R2D2cc8Gz0i,-,application/soap+xml,D-LinkCam
C8glJX1MViumUpJUrc,46188,80,1,POST,/HNAP1/,-,1.1,ksoap2-android/2.6.0+,-,363,2424,200,OK,-,-,(empty),-,-,-,FqSZ1AE2X3uHfLtR1,-,application/soap+xml,FVAoQycenZcYN0OUh,-,application/soap+xml,D-LinkCam
CaIFoMkQTIzWVi2ve,38652,80,1,POST,/HNAP1/,-,1.1,ksoap2-android/2.6.0+,-,690,393,200,OK,-,-,(empty),-,-,-,FAZg1s3bezPIJ6vP1c,-,application/soap+xml,Flsv24wcC0gl03Kba,-,application/soap+xml,D-LinkCam
CT41bQ1JV7jbQ8ptFh,38436,80,1,POST,/HNAP1/,-,1.1,ksoap2-android/2.6.0+,-,364,885,200,OK,-,-,(empty),-,-,-,F8LdgI392LmNrtCFZb,-,application/soap+xml,Ff8oIgAU1hualnD31,-,application/soap+xml,D-LinkCam
CpkaY542kPkMHdQ2Zb,55197,80,1,POST,/HNAP1/,-,1.1,ksoap2-android/2.6.0+,-,529,397,200,OK,-,-,(empty),-,-,-,FQtYvx2EfMYMwcvURa,-,application/soap+xml,FWQeqk2thKTS75K8Oi,-,application/soap+xml,D-LinkCam
CNJgGnYMkjhvly0Gj,35068,80,1,POST,/HNAP1/,-,1.1,ksoap2-android/2.6.0+,-,363,559,200,OK,-,-,(empty),-,-,-,FSd2km3SG6qHSXzCk6,-,application/soap+xml,FtQHTOf8OPJHvSu9b,-,application/soap+xml,D-LinkCam
CRXPkE4QykcMxCawg2,35611,80,1,POST,/HNAP1/,-,1.1,ksoap2-android/2.6.0+,-,539,377,200,OK,-,-,(empty),-,-,-,F4RdFw1bWKjdrsuA76,-,application/soap+xml,FASeMl4r5ZksPTveo3,-,application/soap+xml,D-LinkCam
COYx5j4iSAKgrhpQGf,62997,80,1,GET,/scale/register?serialNumber=20F85ECA9152&token=iRJebyxDZpj3oymss8ym&ssid=IoTSoft,-,1.1,-,-,0,0,200,OK,-,-,(empty),-,-,-,-,-,-,-,-,-,Aria
COYx5j4iSAKgrhpQGf,62997,80,2,GET,/scale/validate?serialNumber=20F85ECA9152&token=iRJebyxDZpj3oymss8ym,-,1.1,-,-,0,1,200,OK,-,-,(empty),-,-,-,-,-,-,FKMfk51tq5LgJBMqle,-,-,Aria
C1oqkISfTkXG3Bfug,60366,80,1,POST,/scale/upload,-,1.1,-,-,48,104,200,OK,-,-,(empty),-,-,-,FOm6VZ1M1rwSdile7k,-,-,F0VJ4V20UjNfZkSIzb,-,-,Aria
CEfoTL13UPtajJTf49,49860,80,1,GET,/router/firmware/query.aspx?model=DCH-S160_Ax_Default_FW_0120_6C7220C5175A,-,1.1,-,-,0,9,404,Not Found,-,-,(empty),-,-,-,-,-,-,F3vw6f5aATseNI8k9,-,-,D-LinkWaterSensor
CoPZRk1dWcWiVR8Zze,45396,80,1,GET,/dst?timezone=Europe/Berlin&ts=1473161720&hash=dc117e74bd26784b3b05bc0a8c75400d,-,1.1,Wget,-,0,32,200,OK,-,-,(empty),-,-,-,-,-,-,FjuTgk2j6SfsOtHLdf,-,text/plain,D-LinkWaterSensor
CNhU4N3042R9BdUdO7,54178,80,1,GET,/agent/upgrade?p=PW4XEB1oodCMZdK1L+7AhdqpI6Xwv5Y/s8bW7MRc9I5PUAt9rXuYp3yKMM6aknyWifuJsQUK3H/TSgDXAZAkdlc7u+VUfOBFquHyEprcUWkigwfUxr8uLQlXns/K0rQl&iv=DXLhadC39BDUUNnRe1dvGw==,-,1.1,Wget,-,0,310,200,OK,-,-,(empty),-,-,-,-,-,-,FNCDne4IruzyCeefx5,-,text/plain,D-LinkWaterSensor
CJhUW44X838nf1G0S2,45996,80,1,GET,/static-us-west.dch.dlink.com/firmware/agent/DCH-S160/D-Link-DCH-S160-1.7.5-AX,-,1.1,Wget,-,0,196060,200,OK,-,-,(empty),-,-,-,-,-,-,Ftcf4S2ejlInRnhSGk,-,application/x-executable,D-LinkWaterSensor
C3O6hX1DK9Dx3OXoJe,52582,80,1,GET,/router/firmware/query.aspx?model=DSP-W215_Bx_Default_FW_0222_908D78A93D6F,-,1.1,-,-,0,497,200,OK,-,-,(empty),-,-,-,-,-,-,FDNdDIZXV4cmyTWqg,-,application/xml,D-LinkSwitch
CwktMh1nav4JZVTCK6,38412,80,1,GET,/dst?timezone=Europe/Berlin&ts=1473164354&hash=52cb95c648c15f7846b4302173874abf,-,1.1,Wget/1.13 (linux-uclibc),-,0,32,200,OK,-,-,(empty),-,-,-,-,-,-,FhCnxOCXzimXCuEDl,-,text/plain,D-LinkSwitch
CWIjx8obIv3cg3lK6,34793,80,1,GET,/agent/upgrade?p=2MutPkCzZ3+OCNcjNo/dVl99KU0K4EKXWdcL01T1oc9qA04ZDQWeRcMFqW33KixKZPMl9/X9A7vShsUU2LQrFOxFbt7c2f/KP3vj4+WsQZxEipmMBdjW7x7MJXMg1DWA&iv=NTaE51ldttJNz3XGW+cgnA==,-,1.1,Wget/1.13 (linux-uclibc),-,0,310,200,OK,-,-,(empty),-,-,-,-,-,-,F7hsyp1FdRMMW7Tv9k,-,text/plain,D-LinkSwitch
C2qXdo4CGMRTsG0AEh,36681,80,1,GET,/static-us-west.dch.dlink.com/firmware/agent/DSP-W215/D-Link-DSP-W215-1.7.5-BX,-,1.1,Wget/1.13 (linux-uclibc),-,0,196060,200,OK,-,-,(empty),-,-,-,-,-,-,FySve14z2DsNoxylLl,-,application/x-executable,D-LinkSwitch
CrTQEM3gM5pTm4Z7Oh,40382,80,1,GET,/router/firmware/query.aspx?model=DCH-S150_Ax_Default_FW_0120_908D78A8E143,-,1.1,-,-,0,496,200,OK,-,-,(empty),-,-,-,-,-,-,Fkkxz226ioXlptNxc2,-,application/xml,D-LinkSensor
CFrTqI3YcOIecU47N9,41041,80,1,GET,/dst?timezone=Europe/Berlin&ts=1461243788&hash=39e3d1c95b19b99a85f11b3f05190aec,-,1.1,Wget,-,0,32,200,OK,-,-,(empty),-,-,-,-,-,-,FaMDRr3kaOhuy0v1ri,-,text/plain,D-LinkSensor
CIP7DI31NnFM9tA8q4,48250,80,1,GET,/agent/upgrade?p=VGqXs24G+t1MjQTXXgS4RAGupCZ0iFEjTNiQeiLSZqfHX2fvymaZ8iJWxCBn2K9jPt6y0SDrd8ganr2yn7vsLQds4dGBlDLiJzOL2+Nssfj6ca+IeKYi5NhTFNxSYbZz&iv=3eh9qCZaWo6Ylf0mTSVW8w==,-,1.1,Wget,-,0,310,200,OK,-,-,(empty),-,-,-,-,-,-,FC9f6ZsZV8uWA5TWf,-,text/plain,D-LinkSensor
CGwndA4r40VQLooF3i,58813,80,1,GET,/static-us-west.dch.dlink.com/firmware/agent/DCH-S150/D-Link-DCH-S150-1.1.0-AX,-,1.1,Wget,-,0,253504,200,OK,-,-,(empty),-,-,-,-,-,-,Fw701g85gXTSes7e6,-,application/x-executable,D-LinkSensor
CabpYx3a3g5B7flhZf,54141,10000,1,POST,/smartplug.cgi,-,1.1,-,-,212,217,200,OK,-,-,(empty),admin,-,-,FVGc504Mr4zGaQ3vE7,-,application/xml,FXOB7y2HnzYu6lG6u3,-,application/xml,EdimaxPlug1101W
CYN2Gu1xlYb511MrM7,50378,10000,1,POST,/smartplug.cgi,-,1.1,-,-,212,217,200,OK,-,-,(empty),admin,-,-,FsR2En1HbAibBOtNK2,-,application/xml,FQmO6m1J5seGbiyFa,-,application/xml,EdimaxPlug1101W
CgkbU83x9OyOhDRcN,55868,80,1,GET,/router/firmware/query.aspx?model=DCH-S220_Ax_Default_FW_0120_908D78DD0D60,-,1.1,-,-,0,9,404,Not Found,-,-,(empty),-,-,-,-,-,-,Fec3Xl1VeGyPDOYCmg,-,-,D-LinkSiren
CKugvg1wP8cJu4DYl5,36245,80,1,GET,/dst?timezone=Europe/Berlin&ts=1473096434&hash=cab708ee0ff8f35253c9c2bd79818e88,-,1.1,Wget,-,0,32,200,OK,-,-,(empty),-,-,-,-,-,-,F0MFjk4x8Ku7MosZH3,-,text/plain,D-LinkSiren
CZScsosYEjYyvGZI7,43929,80,1,GET,/agent/upgrade?p=Ueo8VB0xkBZeBVDdJJldIWbQLZbZiAmXJOR+AT0a0CL2d/Pzlox+ZK9tr0SSEqfskE404wF6yJKd2WTMJ8sSpAN+ngjse8/NWvr3k00ifsRcdhTGTUkgz+XnEDJGN2R6&iv=lrWfw6ZECZuyxfSHoFsULA==,-,1.1,Wget,-,0,310,200,OK,-,-,(empty),-,-,-,-,-,-,FRf4w41otvLcGkfek6,-,text/plain,D-LinkSiren
CHMKSv3JXdPZInbHX8,53742,80,1,GET,/static-us-west.dch.dlink.com/firmware/agent/DCH-S220/D-Link-DCH-S220-1.7.5-AX,-,1.1,Wget,-,0,196060,200,OK,-,-,(empty),-,-,-,-,-,-,FHx8Cj2TtKOEU0oPil,-,application/x-executable,D-LinkSiren
CVnmVZ2ehu0FTWYEZ2,3391,8899,1,PUT,/ToolService/log/uploadWdLogFile/94103E340CB4,-,1.1,-,-,549,67,200,OK,100,Continue,(empty),-,-,-,FTmqao1DJYRxqsFiGk,-,text/plain,FapPATeLEEebRWk96,-,text/plain,WeMoSwitch2
CCrkEvWZ6ZgKlfP48,57229,10000,1,POST,/smartplug.cgi,-,1.1,-,-,300,318,200,OK,-,-,(empty),admin,-,-,Fe0s0s2bfsopwwoRKa,-,application/xml,Fj652bamNQ57HVKH,-,application/xml,EdimaxPlug2101W
CUlDtA2E2lig7D3PP1,57063,10000,1,POST,/smartplug.cgi,-,1.1,-,-,212,217,200,OK,-,-,(empty),admin,-,-,FkJknF435i8qW3gFi,-,application/xml,FR21BZ2pSHRXgSOdph,-,application/xml,EdimaxPlug2101W
C2OwoJ2VyrRj2mngme,34354,10000,1,POST,/smartplug.cgi,-,1.1,-,-,212,217,200,OK,-,-,(empty),admin,-,-,F6tBtm5VXX2QzoC7g,-,application/xml,FXpEbnRvO8pM6Oude,-,application/xml,EdimaxPlug2101W
C9XOQO2rySIDRyei5b,36245,10000,1,POST,/smartplug.cgi,-,1.1,-,-,212,217,200,OK,-,-,(empty),admin,-,-,FUxfk6okJIgM6Uv3i,-,application/xml,FlJ800177o1yxOz9ob,-,application/xml,EdimaxPlug2101W
CON75m41nDEymK5F2i,34506,10000,1,POST,/smartplug.cgi,-,1.1,-,-,212,217,200,OK,-,-,(empty),admin,-,-,FwrdvH3HqkfXgKxnDe,-,application/xml,Ff3B8scSJ49X20L5g,-,application/xml,EdimaxPlug2101W
ClAyfw4NSVKSIR7nfa,48847,80,1,POST,/DevicePortalICPRequestHandler/RequestHandler.ashx,-,1.1,-,-,0,1293,401,Unauthorized,-,-,(empty),-,-,-,-,-,-,FGZ4BS1QhYr7CIOSc,-,text/html,HueBridge
ClAyfw4NSVKSIR7nfa,48847,80,2,POST,/DevicePortalICPRequestHandler/RequestHandler.ashx,-,1.1,-,-,608,832,200,OK,-,-,(empty),-,-,-,FwL7w03rIjfPCGZN8i,-,-,FyDQYHXxYo2nlELU5,-,-,HueBridge
ClAyfw4NSVKSIR7nfa,48847,80,3,POST,/DevicePortalICPRequestHandler/RequestHandler.ashx,-,1.1,-,-,624,2016,200,OK,-,-,(empty),-,-,-,FgFfbVEqUrjNteOqe,-,-,FWNqpC4W2OcscrN3qe,-,-,HueBridge
ClOuXB2uo8ruYfmGTl,48848,80,1,POST,/NotificationService/RequestHandler.ashx,-,1.1,-,-,576,544,200,OK,-,-,(empty),-,-,-,FkKp7m1TU7HUqRmjn,-,-,FhQI8azbnHzyCASt8,-,-,HueBridge
Cv0aAfxmaLRDl4pOc,48849,80,1,POST,/NotificationService/RequestHandler.ashx,-,1.1,-,-,592,672,200,OK,-,-,(empty),-,-,-,FYqZEehiLoTqNYtEl,-,-,FTDQ8n2fzq1xOvAHH3,-,-,HueBridge
C2LVz14hGD0xZwkkGg,36845,80,1,POST,/DcpRequestHandler/index.ashx,-,1.1,-,-,1120,560,200,OK,-,-,(empty),-,-,-,FLHkxe271KamyO1JW5,-,-,F6TLl413WNnsHjaRIl,-,-,HueBridge
ChYVNV2aVTzQTaRE2d,36846,80,1,POST,/DcpRequestHandler/index.ashx,-,1.1,-,-,1024,560,200,OK,-,-,(empty),-,-,-,FirCSF1x6FuAEUGtO,-,-,FKdeDr2oOjifFIR7Ed,-,-,HueBridge
CxMO9d4Or1qjPlucJh,38435,80,1,GET,/api/57d6406d605adb545235c2976a5bf820,-,1.1,Dalvik/2.1.0 (Linux; U; Android 5.1.1; SM-N7505 Build/LMY47X),-,0,70,200,OK,-,-,(empty),-,-,-,-,-,-,FfiTgs3strKYsbhqV3,-,text/json,HueBridge
CB31oP34FDac3AKmY1,39665,80,1,POST,/api/,-,1.1,Dalvik/2.1.0 (Linux; U; Android 5.1.1; SM-N7505 Build/LMY47X),-,37,78,200,OK,-,-,(empty),-,-,-,FypqKz1satkNUoY83l,-,text/json,F0YnMW3N0Gx0gASWph,-,text/json,HueBridge
CR9eVqAWeP1QFK9w7,59660,80,1,POST,/api/,-,1.1,Dalvik/2.1.0 (Linux; U; Android 5.1.1; SM-N7505 Build/LMY47X),-,37,78,200,OK,-,-,(empty),-,-,-,F21Fth3RO4JsHiCTLb,-,text/json,FWiG1izAg8c4rpFki,-,text/json,HueBridge
CxjyTdal9IdlRRaC6,58629,80,1,POST,/api/,-,1.1,Dalvik/2.1.0 (Linux; U; Android 5.1.1; SM-N7505 Build/LMY47X),-,37,78,200,OK,-,-,(empty),-,-,-,FXnhr8NUKQ5kowVWd,-,text/json,FuFIhO2ZJgN5DLEwIc,-,text/json,HueBridge
Cq0X4d2DWaV1NMpr3c,40608,80,1,POST,/queue/getmessage?duration=180000&interval=25&sso=91c2b44e0cc2e21ed49576ab6732c15b5c8a86e5f4211feb4a1e9a086dddf9d2663e7c6b035a33b43dd98c6168842c6bb4db90d7a83e0ad2cd8bf0010e8814e9836421ead32d055f3e05c80ba69c0955770db808bd9918cf1e9f2eb8ad0b227a626246c01274a1ddbc7663ca1a01aec93f5a829577f38c832649cf73f72a0c0d2fbe75ecf4adb27e0fe3bf0d10027b873f056baefe608d4d85f0fd8413d0a6ed3afe12cb943d5b384576983a1fc606ce661ee9090c3bfde87fa5e66716ac060b&i=b4bff1b69a31d9b6ce738fe5b0235638&auth=8ecfd946b278f8ec198415b90d75389bf07d6f84,-,1.1,-,-,128,32,200,OK,-,-,(empty),-,-,-,FNCWGE47Hqn1U7kE4a,-,text/plain,FjernaZ8TtLLbGBJ4,-,text/plain,HueBridge
CfRxmfVMvoKQKHcKb,36848,80,1,POST,/DcpRequestHandler/index.ashx,-,1.1,-,-,1040,560,200,OK,-,-,(empty),-,-,-,Fefl9l2q4xKTDWuRJ9,-,-,FcrWhh4PA1zqzx6vW7,-,-,HueBridge
CqnhK6KbdP9ul1vDb,56386,80,1,POST,/api/,-,1.1,Dalvik/2.1.0 (Linux; U; Android 5.1.1; SM-N7505 Build/LMY47X),-,37,61,200,OK,-,-,(empty),-,-,-,FJxdNL3Ss7n46XlQZb,-,text/json,FkmqVRBJMVsSDHSYg,-,text/json,HueBridge
CDnaU41eQMrgAJJk6g,33193,80,1,GET,/api/792c3bef656bfd83720765ec2f717b9c,-,1.1,Dalvik/2.1.0 (Linux; U; Android 5.1.1; SM-N7505 Build/LMY47X),-,0,1174,200,OK,-,-,(empty),-,-,-,-,-,-,F1bzAh3pHlZI56Z7H6,-,text/json,HueBridge
CeNjHC1oUHwoUgtUj9,36470,80,1,GET,/api/792c3bef656bfd83720765ec2f717b9c,-,1.1,Dalvik/2.1.0 (Linux; U; Android 5.1.1; SM-N7505 Build/LMY47X),-,0,1174,200,OK,-,-,(empty),-,-,-,-,-,-,FXSW2F1sud6e7WUC7,-,text/json,HueBridge
C6cSlg41A9bQJYonHg,46738,80,1,PUT,/api/792c3bef656bfd83720765ec2f717b9c/config,-,1.1,Dalvik/2.1.0 (Linux; U; Android 5.1.1; SM-N7505 Build/LMY47X),-,28,50,200,OK,-,-,(empty),-,-,-,FOXYtI1zjeDOXxIKZa,-,text/json,FiDXKa3NK9MJqVaLd3,-,text/json,HueBridge
CQlsIQ1dZa5HfmoUE5,40610,80,1,POST,/queue/getmessage?duration=180000&interval=25&sso=91c2b44e0cc2e21ed49576ab6732c15b5c8a86e5f4211feb4a1e9a086dddf9d2663e7c6b035a33b43dd98c6168842c6bb4db90d7a83e0ad2cd8bf0010e8814e9836421ead32d055f3e05c80ba69c0955770db808bd9918cf1e9f2eb8ad0b227a626246c01274a1ddbc7663ca1a01aec93f5a829577f38c832649cf73f72a0c0d2fbe75ecf4adb27e0fe3bf0d10027b873f056baefe608d4d85f0fd8413d0a6ed3afe12cb943d5b384576983a1fc606ce661ee9090c3bfde87fa5e66716ac060b&i=4613e880953ed54589cb6ed56b34a772&auth=b493aed9d14225a8d219e0270c88feed9ef4477f,-,1.1,-,-,128,32,200,OK,-,-,(empty),-,-,-,Fe84wR38zSN1xr9aTb,-,text/plain,F3yujE3GFvFXuFWX0i,-,text/plain,HueBridge
COtUI5463D9GSwKCO8,42923,80,1,POST,/api/792c3bef656bfd83720765ec2f717b9c/lights/,-,1.1,Dalvik/2.1.0 (Linux; U; Android 5.1.1; SM-N7505 Build/LMY47X),-,0,53,200,OK,-,-,(empty),-,-,-,-,-,-,FDeoes2d253rqEvaB9,-,text/json,HueBridge
C4XKgn4VqJZd0vYp4c,51737,80,1,GET,/api/792c3bef656bfd83720765ec2f717b9c/lights/new,-,1.1,Dalvik/2.1.0 (Linux; U; Android 5.1.1; SM-N7505 Build/LMY47X),-,0,22,200,OK,-,-,(empty),-,-,-,-,-,-,FYDCY02NaznSk3FZo7,-,text/json,HueBridge
CDBuFJKKOIOPMKRw3,40611,80,1,POST,/queue/getmessage?duration=180000&interval=25&sso=91c2b44e0cc2e21ed49576ab6732c15b5c8a86e5f4211feb4a1e9a086dddf9d2663e7c6b035a33b43dd98c6168842c6bb4db90d7a83e0ad2cd8bf0010e8814e9836421ead32d055f3e05c80ba69c0955770db808bd9918cf1e9f2eb8ad0b227a626246c01274a1ddbc7663ca1a01aec93f5a829577f38c832649cf73f72a0c0d2fbe75ecf4adb27e0fe3bf0d10027b873f056baefe608d4d85f0fd8413d0a6ed3afe12cb943d5b384576983a1fc606ce661ee9090c3bfde87fa5e66716ac060b&i=42cd0c81efdd83568c91ee4bfc54dd7c&auth=817fa80881463f807c482ebd447da3d918e5590c,-,1.1,-,-,128,32,200,OK,-,-,(empty),-,-,-,FO9Uo1dh39TIdgDw8,-,text/plain,FFLivC147AWiR9vZE7,-,text/plain,HueBridge
CRtqJ1U5D4rIpMM4k,58590,80,1,GET,/api/792c3bef656bfd83720765ec2f717b9c/lights/new,-,1.1,Dalvik/2.1.0 (Linux; U; Android 5.1.1; SM-N7505 Build/LMY47X),-,0,22,200,OK,-,-,(empty),-,-,-,-,-,-,FGq1av2OQmvUrIw532,-,text/json,HueBridge
CF6ljhkc322ubU8Ti,40612,80,1,POST,/queue/getmessage?duration=180000&interval=25&sso=91c2b44e0cc2e21ed49576ab6732c15b5c8a86e5f4211feb4a1e9a086dddf9d2663e7c6b035a33b43dd98c6168842c6bb4db90d7a83e0ad2cd8bf0010e8814e9836421ead32d055f3e05c80ba69c0955770db808bd9918cf1e9f2eb8ad0b227a626246c01274a1ddbc7663ca1a01aec93f5a829577f38c832649cf73f72a0c0d2fbe75ecf4adb27e0fe3bf0d10027b873f056baefe608d4d85f0fd8413d0a6ed3afe12cb943d5b384576983a1fc606ce661ee9090c3bfde87fa5e66716ac060b&i=b889834fa98df444f91523fc16b7196e&auth=53f43a9af7a6487fabe9cd2493074396b2630e5c,-,1.1,-,-,128,32,200,OK,-,-,(empty),-,-,-,FgAmtW3b4Gcl7blWG9,-,text/plain,FZUa4i3QqQnsFWEJn5,-,text/plain,HueBridge
CrfHA21i5YAM3sXVya,55983,80,1,GET,/api/792c3bef656bfd83720765ec2f717b9c/lights/new,-,1.1,Dalvik/2.1.0 (Linux; U; Android 5.1.1; SM-N7505 Build/LMY47X),-,0,22,200,OK,-,-,(empty),-,-,-,-,-,-,FTSdyl38A5PPTI4u5a,-,text/json,HueBridge
Crom0s1kfHt7Zp7Jil,40613,80,1,POST,/queue/getmessage?duration=180000&interval=25&sso=91c2b44e0cc2e21ed49576ab6732c15b5c8a86e5f4211feb4a1e9a086dddf9d2663e7c6b035a33b43dd98c6168842c6bb4db90d7a83e0ad2cd8bf0010e8814e9836421ead32d055f3e05c80ba69c0955770db808bd9918cf1e9f2eb8ad0b227a626246c01274a1ddbc7663ca1a01aec93f5a829577f38c832649cf73f72a0c0d2fbe75ecf4adb27e0fe3bf0d10027b873f056baefe608d4d85f0fd8413d0a6ed3afe12cb943d5b384576983a1fc606ce661ee9090c3bfde87fa5e66716ac060b&i=2131c75b633375eb1acd857e33db6d7f&auth=3bc3e77915ad0c47c1159abf5245e4a3c1b7af0b,-,1.1,-,-,128,32,200,OK,-,-,(empty),-,-,-,F15svE1mMK4ZTxczd,-,text/plain,FAICQGGf6NLlInOz,-,text/plain,HueBridge
Ccid9r4zAY3nIcAe99,34120,80,1,GET,/api/792c3bef656bfd83720765ec2f717b9c/lights/new,-,1.1,Dalvik/2.1.0 (Linux; U; Android 5.1.1; SM-N7505 Build/LMY47X),-,0,22,200,OK,-,-,(empty),-,-,-,-,-,-,Fwhtfe4dygXRXzPOJk,-,text/json,HueBridge
Cy7szT10Q8Bfq4Q5wd,40614,80,1,POST,/queue/getmessage?duration=180000&interval=25&sso=91c2b44e0cc2e21ed49576ab6732c15b5c8a86e5f4211feb4a1e9a086dddf9d2663e7c6b035a33b43dd98c6168842c6bb4db90d7a83e0ad2cd8bf0010e8814e9836421ead32d055f3e05c80ba69c0955770db808bd9918cf1e9f2eb8ad0b227a626246c01274a1ddbc7663ca1a01aec93f5a829577f38c832649cf73f72a0c0d2fbe75ecf4adb27e0fe3bf0d10027b873f056baefe608d4d85f0fd8413d0a6ed3afe12cb943d5b384576983a1fc606ce661ee9090c3bfde87fa5e66716ac060b&i=659ccfa71b740fcfaa1db224314315fc&auth=d9e4d043ee3e8f6e9ce5cf73f6746de1178bbc43,-,1.1,-,-,128,32,200,OK,-,-,(empty),-,-,-,FtKTNx1RWHoQT2fKng,-,text/plain,Fy45Vm4nmLpr0svbIc,-,text/plain,HueBridge
CeJOdp19tpeJRROEq9,45717,80,1,GET,/api/792c3bef656bfd83720765ec2f717b9c/lights/new,-,1.1,Dalvik/2.1.0 (Linux; U; Android 5.1.1; SM-N7505 Build/LMY47X),-,0,22,200,OK,-,-,(empty),-,-,-,-,-,-,FhLWKW3PFb5RrrH6n,-,text/json,HueBridge
CBmVe33JqfrpN4kzb4,43735,80,1,GET,/api/792c3bef656bfd83720765ec2f717b9c,-,1.1,Dalvik/2.1.0 (Linux; U; Android 5.1.1; SM-N7505 Build/LMY47X),-,0,1198,200,OK,-,-,(empty),-,-,-,-,-,-,FNya7f2RQM2uzM1Xyl,-,text/json,HueBridge
CnEsW81x8nni7Cfk1f,40615,80,1,POST,/queue/getmessage?duration=180000&interval=25&sso=91c2b44e0cc2e21ed49576ab6732c15b5c8a86e5f4211feb4a1e9a086dddf9d2663e7c6b035a33b43dd98c6168842c6bb4db90d7a83e0ad2cd8bf0010e8814e9836421ead32d055f3e05c80ba69c0955770db808bd9918cf1e9f2eb8ad0b227a626246c01274a1ddbc7663ca1a01aec93f5a829577f38c832649cf73f72a0c0d2fbe75ecf4adb27e0fe3bf0d10027b873f056baefe608d4d85f0fd8413d0a6ed3afe12cb943d5b384576983a1fc606ce661ee9090c3bfde87fa5e66716ac060b&i=7331f5443030c85b415b28c13bb210a4&auth=a65585d894bd173179a62bb01a767bbb25ee5c4f,-,1.1,-,-,128,32,200,OK,-,-,(empty),-,-,-,FVWsya36TiXrZxA6Eg,-,text/plain,Fql2bn43xHm1y9wTid,-,text/plain,HueBridge
C4uQrd1IETh3SCHR0i,47652,80,1,GET,/api/792c3bef656bfd83720765ec2f717b9c/lights/new,-,1.1,Dalvik/2.1.0 (Linux; U; Android 5.1.1; SM-N7505 Build/LMY47X),-,0,22,200,OK,-,-,(empty),-,-,-,-,-,-,F21pzuhWuMYUqCiU4,-,text/json,HueBridge
CfNF24nymmQ0DEOKa,40616,80,1,POST,/queue/getmessage?duration=180000&interval=25&sso=91c2b44e0cc2e21ed49576ab6732c15b5c8a86e5f4211feb4a1e9a086dddf9d2663e7c6b035a33b43dd98c6168842c6bb4db90d7a83e0ad2cd8bf0010e8814e9836421ead32d055f3e05c80ba69c0955770db808bd9918cf1e9f2eb8ad0b227a626246c01274a1ddbc7663ca1a01aec93f5a829577f38c832649cf73f72a0c0d2fbe75ecf4adb27e0fe3bf0d10027b873f056baefe608d4d85f0fd8413d0a6ed3afe12cb943d5b384576983a1fc606ce661ee9090c3bfde87fa5e66716ac060b&i=7ef39dca9ce7fa24ef3903a7c7140bad&auth=ba1cee7e6bc0cfb17ad7424ead4f38e9329c8896,-,1.1,-,-,128,32,200,OK,-,-,(empty),-,-,-,FbhNgD3edLJejDoLz7,-,text/plain,FbtCvR1ecGnqXl2Yp3,-,text/plain,HueBridge
CatBKD2F0X0Dv222lg,52379,80,1,GET,/api/792c3bef656bfd83720765ec2f717b9c/lights/new,-,1.1,Dalvik/2.1.0 (Linux; U; Android 5.1.1; SM-N7505 Build/LMY47X),-,0,22,200,OK,-,-,(empty),-,-,-,-,-,-,FDO5JY47gEBYsUCff,-,text/json,HueBridge
CCTvf791hc3EeDyb5,40617,80,1,POST,/queue/getmessage?duration=180000&interval=25&sso=91c2b44e0cc2e21ed49576ab6732c15b5c8a86e5f4211feb4a1e9a086dddf9d2663e7c6b035a33b43dd98c6168842c6bb4db90d7a83e0ad2cd8bf0010e8814e9836421ead32d055f3e05c80ba69c0955770db808bd9918cf1e9f2eb8ad0b227a626246c01274a1ddbc7663ca1a01aec93f5a829577f38c832649cf73f72a0c0d2fbe75ecf4adb27e0fe3bf0d10027b873f056baefe608d4d85f0fd8413d0a6ed3afe12cb943d5b384576983a1fc606ce661ee9090c3bfde87fa5e66716ac060b&i=0c0b781f6053c43ad394905e75214a6c&auth=29af1df1207d6b0649e095f3302f290e46c44011,-,1.1,-,-,128,32,200,OK,-,-,(empty),-,-,-,Fpdn803xZ934lzYBTa,-,text/plain,F2Siuu391eL6KbVFTe,-,text/plain,HueBridge
CWEbzk2Ot5aRoEhNg7,36329,80,1,GET,/api/792c3bef656bfd83720765ec2f717b9c/lights/new,-,1.1,Dalvik/2.1.0 (Linux; U; Android 5.1.1; SM-N7505 Build/LMY47X),-,0,22,200,OK,-,-,(empty),-,-,-,-,-,-,FucZuZ2p90mPdkFHy9,-,text/json,HueBridge
CibHLd2vSBUnE3ZHRi,40618,80,1,POST,/queue/getmessage?duration=180000&interval=25&sso=91c2b44e0cc2e21ed49576ab6732c15b5c8a86e5f4211feb4a1e9a086dddf9d2663e7c6b035a33b43dd98c6168842c6bb4db90d7a83e0ad2cd8bf0010e8814e9836421ead32d055f3e05c80ba69c0955770db808bd9918cf1e9f2eb8ad0b227a626246c01274a1ddbc7663ca1a01aec93f5a829577f38c832649cf73f72a0c0d2fbe75ecf4adb27e0fe3bf0d10027b873f056baefe608d4d85f0fd8413d0a6ed3afe12cb943d5b384576983a1fc606ce661ee9090c3bfde87fa5e66716ac060b&i=acd6baaa3645bec6b28eac2283b9576c&auth=ca2e9df993eca461b6c0ea16de6fc2d0af593a5e,-,1.1,-,-,128,32,200,OK,-,-,(empty),-,-,-,FlG6R33GXE3i4rnGga,-,text/plain,FdOU2m3tboAsmAJDKa,-,text/plain,HueBridge
CyUdhv3SisvjafmJI5,56463,80,1,GET,/api/792c3bef656bfd83720765ec2f717b9c/lights/new,-,1.1,Dalvik/2.1.0 (Linux; U; Android 5.1.1; SM-N7505 Build/LMY47X),-,0,22,200,OK,-,-,(empty),-,-,-,-,-,-,FR7LAdX6Z7AwvaWwf,-,text/json,HueBridge
C7npLAdTK2NFaMq6e,40619,80,1,POST,/queue/getmessage?duration=180000&interval=25&sso=91c2b44e0cc2e21ed49576ab6732c15b5c8a86e5f4211feb4a1e9a086dddf9d2663e7c6b035a33b43dd98c6168842c6bb4db90d7a83e0ad2cd8bf0010e8814e9836421ead32d055f3e05c80ba69c0955770db808bd9918cf1e9f2eb8ad0b227a626246c01274a1ddbc7663ca1a01aec93f5a829577f38c832649cf73f72a0c0d2fbe75ecf4adb27e0fe3bf0d10027b873f056baefe608d4d85f0fd8413d0a6ed3afe12cb943d5b384576983a1fc606ce661ee9090c3bfde87fa5e66716ac060b&i=ba249b5edaedfbd47a8afd53922b1f54&auth=55680005fcb2ad4a296376e55deb124fee984240,-,1.1,-,-,128,32,200,OK,-,-,(empty),-,-,-,Fhb1Bp1b7ZyDboe6al,-,text/plain,Fph39O3rVLw1dJmAs1,-,text/plain,HueBridge
CIQxpz3IitAgTtverd,41169,80,1,GET,/api/792c3bef656bfd83720765ec2f717b9c,-,1.1,Dalvik/2.1.0 (Linux; U; Android 5.1.1; SM-N7505 Build/LMY47X),-,0,1198,200,OK,-,-,(empty),-,-,-,-,-,-,FWn7iB200uojeY5kW7,-,text/json,HueBridge
CD2i8u2qhxoITV8uha,39308,80,1,GET,/api/792c3bef656bfd83720765ec2f717b9c/lights/new,-,1.1,Dalvik/2.1.0 (Linux; U; Android 5.1.1; SM-N7505 Build/LMY47X),-,0,22,200,OK,-,-,(empty),-,-,-,-,-,-,Fo4qlr4GbveuIeVkz3,-,text/json,HueBridge
CR6GA43i2yXJ2rnQL6,40620,80,1,POST,/queue/getmessage?duration=180000&interval=25&sso=91c2b44e0cc2e21ed49576ab6732c15b5c8a86e5f4211feb4a1e9a086dddf9d2663e7c6b035a33b43dd98c6168842c6bb4db90d7a83e0ad2cd8bf0010e8814e9836421ead32d055f3e05c80ba69c0955770db808bd9918cf1e9f2eb8ad0b227a626246c01274a1ddbc7663ca1a01aec93f5a829577f38c832649cf73f72a0c0d2fbe75ecf4adb27e0fe3bf0d10027b873f056baefe608d4d85f0fd8413d0a6ed3afe12cb943d5b384576983a1fc606ce661ee9090c3bfde87fa5e66716ac060b&i=6d6a2acae90b3ea50c1fdfbf3e2253f5&auth=cfc7e7f93f82e9342925c882703726abee6d337f,-,1.1,-,-,128,32,200,OK,-,-,(empty),-,-,-,FaZNCCdVDKztlcSqe,-,text/plain,FfqVyRKKuKXL20MDe,-,text/plain,HueBridge
CDi8sd2V0Sq3mWx96h,45681,80,1,GET,/api/792c3bef656bfd83720765ec2f717b9c/lights/new,-,1.1,Dalvik/2.1.0 (Linux; U; Android 5.1.1; SM-N7505 Build/LMY47X),-,0,22,200,OK,-,-,(empty),-,-,-,-,-,-,FtTnJj46pL0intyOTl,-,text/json,HueBridge
CgpIs035lV52079jc8,40621,80,1,POST,/queue/getmessage?duration=180000&interval=25&sso=91c2b44e0cc2e21ed49576ab6732c15b5c8a86e5f4211feb4a1e9a086dddf9d2663e7c6b035a33b43dd98c6168842c6bb4db90d7a83e0ad2cd8bf0010e8814e9836421ead32d055f3e05c80ba69c0955770db808bd9918cf1e9f2eb8ad0b227a626246c01274a1ddbc7663ca1a01aec93f5a829577f38c832649cf73f72a0c0d2fbe75ecf4adb27e0fe3bf0d10027b873f056baefe608d4d85f0fd8413d0a6ed3afe12cb943d5b384576983a1fc606ce661ee9090c3bfde87fa5e66716ac060b&i=9f310187a1f7f67b7835b60e9a9a27ad&auth=86d791b4ce9d51891b89bcbe4ccebd8ba48d5a8a,-,1.1,-,-,128,32,200,OK,-,-,(empty),-,-,-,FhKfOt4N3ic4iaX2B5,-,text/plain,F2lGmn2uSlj8d74qDb,-,text/plain,HueBridge
C7doI5JHR3uaUa5gd,45125,80,1,GET,/api/792c3bef656bfd83720765ec2f717b9c/lights/new,-,1.1,Dalvik/2.1.0 (Linux; U; Android 5.1.1; SM-N7505 Build/LMY47X),-,0,22,200,OK,-,-,(empty),-,-,-,-,-,-,FJKbyR15z7OZLNOuM6,-,text/json,HueBridge
CWHWd63brKL2SemLK3,40622,80,1,POST,/queue/getmessage?duration=180000&interval=25&sso=91c2b44e0cc2e21ed49576ab6732c15b5c8a86e5f4211feb4a1e9a086dddf9d2663e7c6b035a33b43dd98c6168842c6bb4db90d7a83e0ad2cd8bf0010e8814e9836421ead32d055f3e05c80ba69c0955770db808bd9918cf1e9f2eb8ad0b227a626246c01274a1ddbc7663ca1a01aec93f5a829577f38c832649cf73f72a0c0d2fbe75ecf4adb27e0fe3bf0d10027b873f056baefe608d4d85f0fd8413d0a6ed3afe12cb943d5b384576983a1fc606ce661ee9090c3bfde87fa5e66716ac060b&i=74fa389e391180e2981d37217441ab6b&auth=4242865ce2fb1979dcc5975ed34688ed35324eb7,-,1.1,-,-,128,32,200,OK,-,-,(empty),-,-,-,FYP2KH13jM2HrllY41,-,text/plain,FzHV1X3c88oByRVp4,-,text/plain,HueBridge
Ckqep64qqW7Ltkkqyg,34405,80,1,GET,/api/792c3bef656bfd83720765ec2f717b9c/lights/new,-,1.1,Dalvik/2.1.0 (Linux; U; Android 5.1.1; SM-N7505 Build/LMY47X),-,0,22,200,OK,-,-,(empty),-,-,-,-,-,-,FBGdoBPbWQfWliXH3,-,text/json,HueBridge
CP6chD1s2WOwcJNngj,40623,80,1,POST,/queue/getmessage?duration=180000&interval=25&sso=91c2b44e0cc2e21ed49576ab6732c15b5c8a86e5f4211feb4a1e9a086dddf9d2663e7c6b035a33b43dd98c6168842c6bb4db90d7a83e0ad2cd8bf0010e8814e9836421ead32d055f3e05c80ba69c0955770db808bd9918cf1e9f2eb8ad0b227a626246c01274a1ddbc7663ca1a01aec93f5a829577f38c832649cf73f72a0c0d2fbe75ecf4adb27e0fe3bf0d10027b873f056baefe608d4d85f0fd8413d0a6ed3afe12cb943d5b384576983a1fc606ce661ee9090c3bfde87fa5e66716ac060b&i=041b99cb36385a63b2745c9c87ffb581&auth=ea5527ec24c988059a79547714fdec668767359e,-,1.1,-,-,128,32,200,OK,-,-,(empty),-,-,-,FjlOZn4ZchS8ljkICi,-,text/plain,FzfnDn3ZPqr7UiI9Tg,-,text/plain,HueBridge
C92fEgrhJIpikai6h,36930,80,1,GET,/api/792c3bef656bfd83720765ec2f717b9c/lights/new,-,1.1,Dalvik/2.1.0 (Linux; U; Android 5.1.1; SM-N7505 Build/LMY47X),-,0,22,200,OK,-,-,(empty),-,-,-,-,-,-,FXx68I1Lsc571emVl8,-,text/json,HueBridge
C1JpkV1dJicDwa6l47,36863,80,1,POST,/DcpRequestHandler/index.ashx,-,1.1,-,-,1040,560,200,OK,-,-,(empty),-,-,-,FlzqAMrgi9CT3Egcf,-,-,FEHiJx1rn9sLIOIWXl,-,-,HueBridge
CdFUmq1Aw0H1YTe46k,40625,80,1,POST,/queue/getmessage?duration=180000&interval=25&sso=91c2b44e0cc2e21ed49576ab6732c15b5c8a86e5f4211feb4a1e9a086dddf9d2663e7c6b035a33b43dd98c6168842c6bb4db90d7a83e0ad2cd8bf0010e8814e9836421ead32d055f3e05c80ba69c0955770db808bd9918cf1e9f2eb8ad0b227a626246c01274a1ddbc7663ca1a01aec93f5a829577f38c832649cf73f72a0c0d2fbe75ecf4adb27e0fe3bf0d10027b873f056baefe608d4d85f0fd8413d0a6ed3afe12cb943d5b384576983a1fc606ce661ee9090c3bfde87fa5e66716ac060b&i=26ab4936bdb04f1fde37a4ec5dadb98b&auth=6291788fb414d170b51d3063fe96770abb71eb64,-,1.1,-,-,128,32,200,OK,-,-,(empty),-,-,-,FZKQVT1rVJG4wt7Xg7,-,text/plain,F45bpf1Tcsj8BhExA1,-,text/plain,HueBridge
CLFfyZ17vu4zF7pysk,52797,80,1,GET,/api/792c3bef656bfd83720765ec2f717b9c,-,1.1,Dalvik/2.1.0 (Linux; U; Android 5.1.1; SM-N7505 Build/LMY47X),-,0,1199,200,OK,-,-,(empty),-,-,-,-,-,-,FYpHgA24ZTrhgQzfBb,-,text/json,HueBridge
C4n9xf1eoLfySMugga,53609,80,1,GET,/api/792c3bef656bfd83720765ec2f717b9c/lights/new,-,1.1,Dalvik/2.1.0 (Linux; U; Android 5.1.1; SM-N7505 Build/LMY47X),-,0,22,200,OK,-,-,(empty),-,-,-,-,-,-,FIURn03dbcd56Kzs1a,-,text/json,HueBridge
CBvANg3Ueie8IbHAQg,40626,80,1,POST,/queue/getmessage?duration=180000&interval=25&sso=91c2b44e0cc2e21ed49576ab6732c15b5c8a86e5f4211feb4a1e9a086dddf9d2663e7c6b035a33b43dd98c6168842c6bb4db90d7a83e0ad2cd8bf0010e8814e9836421ead32d055f3e05c80ba69c0955770db808bd9918cf1e9f2eb8ad0b227a626246c01274a1ddbc7663ca1a01aec93f5a829577f38c832649cf73f72a0c0d2fbe75ecf4adb27e0fe3bf0d10027b873f056baefe608d4d85f0fd8413d0a6ed3afe12cb943d5b384576983a1fc606ce661ee9090c3bfde87fa5e66716ac060b&i=5703ba1affa1ce6429b42c63530d679b&auth=cf4f6104d3dc61fc8063b3845abf5cb95aa9d31a,-,1.1,-,-,128,32,200,OK,-,-,(empty),-,-,-,FCB6yQ24AZYGPUhPac,-,text/plain,FctZms1OZIikQ9Mjz5,-,text/plain,HueBridge
CAOBHl3Do31i032THk,51975,80,1,GET,/api/792c3bef656bfd83720765ec2f717b9c/lights/new,-,1.1,Dalvik/2.1.0 (Linux; U; Android 5.1.1; SM-N7505 Build/LMY47X),-,0,22,200,OK,-,-,(empty),-,-,-,-,-,-,FWwlWaB5DFpa5pMof,-,text/json,HueBridge
Cr21s73Pc3rCzJ25t6,40627,80,1,POST,/queue/getmessage?duration=180000&interval=25&sso=91c2b44e0cc2e21ed49576ab6732c15b5c8a86e5f4211feb4a1e9a086dddf9d2663e7c6b035a33b43dd98c6168842c6bb4db90d7a83e0ad2cd8bf0010e8814e9836421ead32d055f3e05c80ba69c0955770db808bd9918cf1e9f2eb8ad0b227a626246c01274a1ddbc7663ca1a01aec93f5a829577f38c832649cf73f72a0c0d2fbe75ecf4adb27e0fe3bf0d10027b873f056baefe608d4d85f0fd8413d0a6ed3afe12cb943d5b384576983a1fc606ce661ee9090c3bfde87fa5e66716ac060b&i=13ac518a30dd783ec230bbfac48a5b9f&auth=3daa5bcfbcee937e02953e15775d64bd72b2c57c,-,1.1,-,-,128,32,200,OK,-,-,(empty),-,-,-,FQkBAt1ddW7f5tYJJh,-,text/plain,F7x8392jTYJ2NsEOGg,-,text/plain,HueBridge
CipinVq0Fs9LRYuha,57249,80,1,GET,/api/792c3bef656bfd83720765ec2f717b9c/lights/new,-,1.1,Dalvik/2.1.0 (Linux; U; Android 5.1.1; SM-N7505 Build/LMY47X),-,0,22,200,OK,-,-,(empty),-,-,-,-,-,-,FPd1im4WhI1Z6QoYx1,-,text/json,HueBridge
CLuaFX1RaZILiJmv29,40628,80,1,POST,/queue/getmessage?duration=180000&interval=25&sso=91c2b44e0cc2e21ed49576ab6732c15b5c8a86e5f4211feb4a1e9a086dddf9d2663e7c6b035a33b43dd98c6168842c6bb4db90d7a83e0ad2cd8bf0010e8814e9836421ead32d055f3e05c80ba69c0955770db808bd9918cf1e9f2eb8ad0b227a626246c01274a1ddbc7663ca1a01aec93f5a829577f38c832649cf73f72a0c0d2fbe75ecf4adb27e0fe3bf0d10027b873f056baefe608d4d85f0fd8413d0a6ed3afe12cb943d5b384576983a1fc606ce661ee9090c3bfde87fa5e66716ac060b&i=d096006d57e5c25fa76a04138ffaccca&auth=c1fef1784f2f03d289af1957cae200bc274162d0,-,1.1,-,-,128,32,200,OK,-,-,(empty),-,-,-,FhCOxH3mpxXkhZXup,-,text/plain,FdKNGW1TMDFEdfOTie,-,text/plain,HueBridge
CN6Iua1ccD0OG7ueDi,39147,80,1,GET,/api/792c3bef656bfd83720765ec2f717b9c/lights/new,-,1.1,Dalvik/2.1.0 (Linux; U; Android 5.1.1; SM-N7505 Build/LMY47X),-,0,22,200,OK,-,-,(empty),-,-,-,-,-,-,FGedi34ZoS3zqUZHt,-,text/json,HueBridge
CImPN52okVbEal7WCe,40629,80,1,POST,/queue/getmessage?duration=180000&interval=25&sso=91c2b44e0cc2e21ed49576ab6732c15b5c8a86e5f4211feb4a1e9a086dddf9d2663e7c6b035a33b43dd98c6168842c6bb4db90d7a83e0ad2cd8bf0010e8814e9836421ead32d055f3e05c80ba69c0955770db808bd9918cf1e9f2eb8ad0b227a626246c01274a1ddbc7663ca1a01aec93f5a829577f38c832649cf73f72a0c0d2fbe75ecf4adb27e0fe3bf0d10027b873f056baefe608d4d85f0fd8413d0a6ed3afe12cb943d5b384576983a1fc606ce661ee9090c3bfde87fa5e66716ac060b&i=99558d886c11331f02236ab249c3623e&auth=8d901eb977e7df75ba62c84177ec76badc630d4a,-,1.1,-,-,128,32,200,OK,-,-,(empty),-,-,-,F6Xky34Xs0soZcUpOg,-,text/plain,FpsvGS3nGLrypyQNcj,-,text/plain,HueBridge
ChOvRs31wCMlgXOVU,59988,80,1,GET,/api/792c3bef656bfd83720765ec2f717b9c/lights/new,-,1.1,Dalvik/2.1.0 (Linux; U; Android 5.1.1; SM-N7505 Build/LMY47X),-,0,22,200,OK,-,-,(empty),-,-,-,-,-,-,FeNnpG1973vqSgKpdd,-,text/json,HueBridge
CLGe3B2GDpIDnjwy4,40630,80,1,POST,/queue/getmessage?duration=180000&interval=25&sso=91c2b44e0cc2e21ed49576ab6732c15b5c8a86e5f4211feb4a1e9a086dddf9d2663e7c6b035a33b43dd98c6168842c6bb4db90d7a83e0ad2cd8bf0010e8814e9836421ead32d055f3e05c80ba69c0955770db808bd9918cf1e9f2eb8ad0b227a626246c01274a1ddbc7663ca1a01aec93f5a829577f38c832649cf73f72a0c0d2fbe75ecf4adb27e0fe3bf0d10027b873f056baefe608d4d85f0fd8413d0a6ed3afe12cb943d5b384576983a1fc606ce661ee9090c3bfde87fa5e66716ac060b&i=5bad898a02359fad4f6883432b97f110&auth=2e00412c8da068bc1231a48117ee5e737f7cf994,-,1.1,-,-,128,32,200,OK,-,-,(empty),-,-,-,FM2DX93RVOWGzTAU2g,-,text/plain,FyWMUb2QNwiiCyd9B9,-,text/plain,HueBridge
CF7EOhsDUyENOvtrb,54015,80,1,GET,/api/792c3bef656bfd83720765ec2f717b9c,-,1.1,Dalvik/2.1.0 (Linux; U; Android 5.1.1; SM-N7505 Build/LMY47X),-,0,1199,200,OK,-,-,(empty),-,-,-,-,-,-,FOTkj1416gY5uIvQa7,-,text/json,HueBridge
CfcxXY1TQwfnVNreR9,33774,80,1,GET,/api/792c3bef656bfd83720765ec2f717b9c/lights/new,-,1.1,Dalvik/2.1.0 (Linux; U; Android 5.1.1; SM-N7505 Build/LMY47X),-,0,22,200,OK,-,-,(empty),-,-,-,-,-,-,F90UtZmo2KKmZxxlg,-,text/json,HueBridge
ChjYIM1gYBECiJAVc7,40631,80,1,POST,/queue/getmessage?duration=180000&interval=25&sso=91c2b44e0cc2e21ed49576ab6732c15b5c8a86e5f4211feb4a1e9a086dddf9d2663e7c6b035a33b43dd98c6168842c6bb4db90d7a83e0ad2cd8bf0010e8814e9836421ead32d055f3e05c80ba69c0955770db808bd9918cf1e9f2eb8ad0b227a626246c01274a1ddbc7663ca1a01aec93f5a829577f38c832649cf73f72a0c0d2fbe75ecf4adb27e0fe3bf0d10027b873f056baefe608d4d85f0fd8413d0a6ed3afe12cb943d5b384576983a1fc606ce661ee9090c3bfde87fa5e66716ac060b&i=3d200f4937375906331ddca191fbb61b&auth=a7dc8badc8b4aaa71c147bb5f02aab307b9ea599,-,1.1,-,-,128,32,200,OK,-,-,(empty),-,-,-,FAyFeO2dWjIeGOsVN9,-,text/plain,FZnO9v2BlNUBKosHKg,-,text/plain,HueBridge
CfJXHY2z4VImrYcsQ6,36192,80,1,GET,/api/792c3bef656bfd83720765ec2f717b9c/lights/new,-,1.1,Dalvik/2.1.0 (Linux; U; Android 5.1.1; SM-N7505 Build/LMY47X),-,0,22,200,OK,-,-,(empty),-,-,-,-,-,-,FYdK3wZse0EGaU255,-,text/json,HueBridge
CZXNM5WzF2ncYehu6,40632,80,1,POST,/queue/getmessage?duration=180000&interval=25&sso=91c2b44e0cc2e21ed49576ab6732c15b5c8a86e5f4211feb4a1e9a086dddf9d2663e7c6b035a33b43dd98c6168842c6bb4db90d7a83e0ad2cd8bf0010e8814e9836421ead32d055f3e05c80ba69c0955770db808bd9918cf1e9f2eb8ad0b227a626246c01274a1ddbc7663ca1a01aec93f5a829577f38c832649cf73f72a0c0d2fbe75ecf4adb27e0fe3bf0d10027b873f056baefe608d4d85f0fd8413d0a6ed3afe12cb943d5b384576983a1fc606ce661ee9090c3bfde87fa5e66716ac060b&i=29ca338a3f411c293b2915d73f129551&auth=62c221a781cb31f3027113828ff7fec9885d61ad,-,1.1,-,-,128,32,200,OK,-,-,(empty),-,-,-,FffzFe1GetZIdSJPbb,-,text/plain,FRlaBu4dLk3IKYSsBi,-,text/plain,HueBridge
CXlmG84NNKcCqSCKFh,58618,80,1,GET,/api/792c3bef656bfd83720765ec2f717b9c/lights/new,-,1.1,Dalvik/2.1.0 (Linux; U; Android 5.1.1; SM-N7505 Build/LMY47X),-,0,68,200,OK,-,-,(empty),-,-,-,-,-,-,FsCFlg3iXp6kfisHO7,-,text/json,HueBridge
C1yhlA4ruHYqf5WL41,40633,80,1,POST,/queue/getmessage?duration=180000&interval=25&sso=91c2b44e0cc2e21ed49576ab6732c15b5c8a86e5f4211feb4a1e9a086dddf9d2663e7c6b035a33b43dd98c6168842c6bb4db90d7a83e0ad2cd8bf0010e8814e9836421ead32d055f3e05c80ba69c0955770db808bd9918cf1e9f2eb8ad0b227a626246c01274a1ddbc7663ca1a01aec93f5a829577f38c832649cf73f72a0c0d2fbe75ecf4adb27e0fe3bf0d10027b873f056baefe608d4d85f0fd8413d0a6ed3afe12cb943d5b384576983a1fc606ce661ee9090c3bfde87fa5e66716ac060b&i=e595783b29216f2eb20f4a5be20f4a17&auth=cd37c151a2f80503442358ee189e8e65d1a5876f,-,1.1,-,-,128,32,200,OK,-,-,(empty),-,-,-,FpFdXz3zv86PMkCJk3,-,text/plain,Fk1EWR1Ux9rVOd7KQ5,-,text/plain,HueBridge
CLDZAk4aIoZDKYbSEd,40634,80,1,POST,/queue/getmessage?duration=180000&interval=25&sso=91c2b44e0cc2e21ed49576ab6732c15b5c8a86e5f4211feb4a1e9a086dddf9d2663e7c6b035a33b43dd98c6168842c6bb4db90d7a83e0ad2cd8bf0010e8814e9836421ead32d055f3e05c80ba69c0955770db808bd9918cf1e9f2eb8ad0b227a626246c01274a1ddbc7663ca1a01aec93f5a829577f38c832649cf73f72a0c0d2fbe75ecf4adb27e0fe3bf0d10027b873f056baefe608d4d85f0fd8413d0a6ed3afe12cb943d5b384576983a1fc606ce661ee9090c3bfde87fa5e66716ac060b&i=d72c7f6402dbd10520ac5129766bae8f&auth=a4f346296926452fcd1caea2de958d0539168794,-,1.1,-,-,128,32,200,OK,-,-,(empty),-,-,-,FGLMw74OWxtGuYF5Yk,-,text/plain,FO5dI83YBnhKWdJ5f4,-,text/plain,HueBridge
CU7kr73OL50VSzLXv3,48270,80,1,GET,/api/792c3bef656bfd83720765ec2f717b9c,-,1.1,Dalvik/2.1.0 (Linux; U; Android 5.1.1; SM-N7505 Build/LMY47X),-,0,1553,200,OK,-,-,(empty),-,-,-,-,-,-,FVPAuh2bT5CfIMFCTc,-,text/json,HueBridge
CFNdLZ3SHpOsx8HJcj,40635,80,1,POST,/queue/getmessage?duration=180000&interval=25&sso=91c2b44e0cc2e21ed49576ab6732c15b5c8a86e5f4211feb4a1e9a086dddf9d2663e7c6b035a33b43dd98c6168842c6bb4db90d7a83e0ad2cd8bf0010e8814e9836421ead32d055f3e05c80ba69c0955770db808bd9918cf1e9f2eb8ad0b227a626246c01274a1ddbc7663ca1a01aec93f5a829577f38c832649cf73f72a0c0d2fbe75ecf4adb27e0fe3bf0d10027b873f056baefe608d4d85f0fd8413d0a6ed3afe12cb943d5b384576983a1fc606ce661ee9090c3bfde87fa5e66716ac060b&i=8cca81a4e36247d6883a7388666850f9&auth=465c7795a0ea7b52e017d7d444182f45421a12cb,-,1.1,-,-,128,32,200,OK,-,-,(empty),-,-,-,FVYAF1gSVLcVV6oR,-,text/plain,FaM9ov23Mf3ZyGR3Sh,-,text/plain,HueBridge
CHtwWAKAx0K2zYJWh,40636,80,1,POST,/queue/getmessage?duration=180000&interval=25&sso=91c2b44e0cc2e21ed49576ab6732c15b5c8a86e5f4211feb4a1e9a086dddf9d2663e7c6b035a33b43dd98c6168842c6bb4db90d7a83e0ad2cd8bf0010e8814e9836421ead32d055f3e05c80ba69c0955770db808bd9918cf1e9f2eb8ad0b227a626246c01274a1ddbc7663ca1a01aec93f5a829577f38c832649cf73f72a0c0d2fbe75ecf4adb27e0fe3bf0d10027b873f056baefe608d4d85f0fd8413d0a6ed3afe12cb943d5b384576983a1fc606ce661ee9090c3bfde87fa5e66716ac060b&i=54878e89f98a90757b3e358b16c404b9&auth=2dd5cedc11d12cb79e2a54d4e9af07b3b6e23548,-,1.1,-,-,128,32,200,OK,-,-,(empty),-,-,-,FYCgMTC3p5qZ03uPb,-,text/plain,FoyQ7q2EdKHnhz36Rj,-,text/plain,HueBridge
CqkRpw2PFE7JCXTotj,40637,80,1,POST,/queue/getmessage?duration=180000&interval=25&sso=91c2b44e0cc2e21ed49576ab6732c15b5c8a86e5f4211feb4a1e9a086dddf9d2663e7c6b035a33b43dd98c6168842c6bb4db90d7a83e0ad2cd8bf0010e8814e9836421ead32d055f3e05c80ba69c0955770db808bd9918cf1e9f2eb8ad0b227a626246c01274a1ddbc7663ca1a01aec93f5a829577f38c832649cf73f72a0c0d2fbe75ecf4adb27e0fe3bf0d10027b873f056baefe608d4d85f0fd8413d0a6ed3afe12cb943d5b384576983a1fc606ce661ee9090c3bfde87fa5e66716ac060b&i=b499e24aadf478023b481d36625c8b6d&auth=4bb014ce25d19aecce8df3df1ad58621fd40828f,-,1.1,-,-,128,32,200,OK,-,-,(empty),-,-,-,FvwD1R1OZlvGqzaSd8,-,text/plain,FitbZee3ZtpZSaoek,-,text/plain,HueBridge
C7UcfI3e4hL3nQ3rH3,40638,80,1,POST,/queue/getmessage?duration=180000&interval=25&sso=91c2b44e0cc2e21ed49576ab6732c15b5c8a86e5f4211feb4a1e9a086dddf9d2663e7c6b035a33b43dd98c6168842c6bb4db90d7a83e0ad2cd8bf0010e8814e9836421ead32d055f3e05c80ba69c0955770db808bd9918cf1e9f2eb8ad0b227a626246c01274a1ddbc7663ca1a01aec93f5a829577f38c832649cf73f72a0c0d2fbe75ecf4adb27e0fe3bf0d10027b873f056baefe608d4d85f0fd8413d0a6ed3afe12cb943d5b384576983a1fc606ce661ee9090c3bfde87fa5e66716ac060b&i=0ca327b99f0c503971957b8ee9942ae4&auth=dc113a3394e4030f3863769a0df47d00dde01f39,-,1.1,-,-,128,32,200,OK,-,-,(empty),-,-,-,F9fYKv4uU646Sbftl3,-,text/plain,FoV7DN3WHhraZElvth,-,text/plain,HueBridge
CtN82x1GBvaSCScv4g,40639,80,1,POST,/queue/getmessage?duration=180000&interval=25&sso=91c2b44e0cc2e21ed49576ab6732c15b5c8a86e5f4211feb4a1e9a086dddf9d2663e7c6b035a33b43dd98c6168842c6bb4db90d7a83e0ad2cd8bf0010e8814e9836421ead32d055f3e05c80ba69c0955770db808bd9918cf1e9f2eb8ad0b227a626246c01274a1ddbc7663ca1a01aec93f5a829577f38c832649cf73f72a0c0d2fbe75ecf4adb27e0fe3bf0d10027b873f056baefe608d4d85f0fd8413d0a6ed3afe12cb943d5b384576983a1fc606ce661ee9090c3bfde87fa5e66716ac060b&i=2ffdcc3a0fc6e5317fc139f455517c42&auth=b77fef681da39c0473c1a65079d4f55d3b37b823,-,1.1,-,-,128,32,200,OK,-,-,(empty),-,-,-,FKrukx2t8L1rvXSQ0i,-,text/plain,FjcsoE43Pt6kp1tNZe,-,text/plain,HueBridge
ChQNhr3OPbrO0R05Sk,57940,80,1,GET,/api/792c3bef656bfd83720765ec2f717b9c,-,1.1,Dalvik/2.1.0 (Linux; U; Android 5.1.1; SM-N7505 Build/LMY47X),-,0,1553,200,OK,-,-,(empty),-,-,-,-,-,-,FCjDa63APRUB8P5Fn5,-,text/json,HueBridge
CXDVE5362A8alhVb6a,40640,80,1,POST,/queue/getmessage?duration=180000&interval=25&sso=91c2b44e0cc2e21ed49576ab6732c15b5c8a86e5f4211feb4a1e9a086dddf9d2663e7c6b035a33b43dd98c6168842c6bb4db90d7a83e0ad2cd8bf0010e8814e9836421ead32d055f3e05c80ba69c0955770db808bd9918cf1e9f2eb8ad0b227a626246c01274a1ddbc7663ca1a01aec93f5a829577f38c832649cf73f72a0c0d2fbe75ecf4adb27e0fe3bf0d10027b873f056baefe608d4d85f0fd8413d0a6ed3afe12cb943d5b384576983a1fc606ce661ee9090c3bfde87fa5e66716ac060b&i=15dbeecee770f2032488081c54ab5bf0&auth=729d01c43dcef60c919affbb0fa31ba68f7fcda1,-,1.1,-,-,128,32,200,OK,-,-,(empty),-,-,-,FO78oM33o77ZLasIuj,-,text/plain,FNBhWm2TJtd9iPLodl,-,text/plain,HueBridge
CWfolA34aqDQp7iXp2,40641,80,1,POST,/queue/getmessage?duration=180000&interval=25&sso=91c2b44e0cc2e21ed49576ab6732c15b5c8a86e5f4211feb4a1e9a086dddf9d2663e7c6b035a33b43dd98c6168842c6bb4db90d7a83e0ad2cd8bf0010e8814e9836421ead32d055f3e05c80ba69c0955770db808bd9918cf1e9f2eb8ad0b227a626246c01274a1ddbc7663ca1a01aec93f5a829577f38c832649cf73f72a0c0d2fbe75ecf4adb27e0fe3bf0d10027b873f056baefe608d4d85f0fd8413d0a6ed3afe12cb943d5b384576983a1fc606ce661ee9090c3bfde87fa5e66716ac060b&i=48074cb29322cc76cd08a7b8168bfb78&auth=6a618dee454542023551f9ec09c5c7c72c9e002c,-,1.1,-,-,128,32,200,OK,-,-,(empty),-,-,-,Fv2qWk3hOx0q8pq9v6,-,text/plain,Fwmm383A57EFJgO6ja,-,text/plain,HueBridge
C57qus3uIS5PQvxuU6,40642,80,1,POST,/queue/getmessage?duration=180000&interval=25&sso=91c2b44e0cc2e21ed49576ab6732c15b5c8a86e5f4211feb4a1e9a086dddf9d2663e7c6b035a33b43dd98c6168842c6bb4db90d7a83e0ad2cd8bf0010e8814e9836421ead32d055f3e05c80ba69c0955770db808bd9918cf1e9f2eb8ad0b227a626246c01274a1ddbc7663ca1a01aec93f5a829577f38c832649cf73f72a0c0d2fbe75ecf4adb27e0fe3bf0d10027b873f056baefe608d4d85f0fd8413d0a6ed3afe12cb943d5b384576983a1fc606ce661ee9090c3bfde87fa5e66716ac060b&i=3dde0fb47267816bbd8d09d0b9a27cf8&auth=43809e2fafe79f97ef05f2476d5ef55629ffb227,-,1.1,-,-,128,32,200,OK,-,-,(empty),-,-,-,F6KYVx3pFJf68GkA61,-,text/plain,FsoeiO3YFElx5SJMS7,-,text/plain,HueBridge
CB2A5a4qCOHDaPaBe3,40643,80,1,POST,/queue/getmessage?duration=180000&interval=25&sso=91c2b44e0cc2e21ed49576ab6732c15b5c8a86e5f4211feb4a1e9a086dddf9d2663e7c6b035a33b43dd98c6168842c6bb4db90d7a83e0ad2cd8bf0010e8814e9836421ead32d055f3e05c80ba69c0955770db808bd9918cf1e9f2eb8ad0b227a626246c01274a1ddbc7663ca1a01aec93f5a829577f38c832649cf73f72a0c0d2fbe75ecf4adb27e0fe3bf0d10027b873f056baefe608d4d85f0fd8413d0a6ed3afe12cb943d5b384576983a1fc606ce661ee9090c3bfde87fa5e66716ac060b&i=10ba01a1d594c8827263db273151e20a&auth=df2882c62c97f7024338a0815ea3ac84bf64d584,-,1.1,-,-,128,32,200,OK,-,-,(empty),-,-,-,FSwwZE1iiPhZTxlkBg,-,text/plain,Fe0tWS3yWpdOvpek9l,-,text/plain,HueBridge
CIwxrm2YEQVl4L1l89,40644,80,1,POST,/queue/getmessage?duration=180000&interval=25&sso=91c2b44e0cc2e21ed49576ab6732c15b5c8a86e5f4211feb4a1e9a086dddf9d2663e7c6b035a33b43dd98c6168842c6bb4db90d7a83e0ad2cd8bf0010e8814e9836421ead32d055f3e05c80ba69c0955770db808bd9918cf1e9f2eb8ad0b227a626246c01274a1ddbc7663ca1a01aec93f5a829577f38c832649cf73f72a0c0d2fbe75ecf4adb27e0fe3bf0d10027b873f056baefe608d4d85f0fd8413d0a6ed3afe12cb943d5b384576983a1fc606ce661ee9090c3bfde87fa5e66716ac060b&i=87071c0bc128c851bdbe3370af90dc40&auth=c3f5e54861faeeb72ac9339b3abdc2ff57e826aa,-,1.1,-,-,128,32,200,OK,-,-,(empty),-,-,-,FyJguD16hK9ElVCpqk,-,text/plain,FFeWr02Nj4FrA24Of6,-,text/plain,HueBridge
Ci1Cb04Nbs9uDaEXf,56481,80,1,GET,/api/792c3bef656bfd83720765ec2f717b9c,-,1.1,Dalvik/2.1.0 (Linux; U; Android 5.1.1; SM-N7505 Build/LMY47X),-,0,1553,200,OK,-,-,(empty),-,-,-,-,-,-,FN7afj479DmHTsF8T4,-,text/json,HueBridge
CvXWbB136yCzpnUtk9,40645,80,1,POST,/queue/getmessage?duration=180000&interval=25&sso=91c2b44e0cc2e21ed49576ab6732c15b5c8a86e5f4211feb4a1e9a086dddf9d2663e7c6b035a33b43dd98c6168842c6bb4db90d7a83e0ad2cd8bf0010e8814e9836421ead32d055f3e05c80ba69c0955770db808bd9918cf1e9f2eb8ad0b227a626246c01274a1ddbc7663ca1a01aec93f5a829577f38c832649cf73f72a0c0d2fbe75ecf4adb27e0fe3bf0d10027b873f056baefe608d4d85f0fd8413d0a6ed3afe12cb943d5b384576983a1fc606ce661ee9090c3bfde87fa5e66716ac060b&i=a6e8c0554b66e9ad62aa3c0957ac6b2a&auth=d71aebeb32208a95e3a884af98007b8cd87b05dd,-,1.1,-,-,128,32,200,OK,-,-,(empty),-,-,-,FVzjHl1HW8i5qAHnrg,-,text/plain,Fm4kDQ3u6zkMlSnet7,-,text/plain,HueBridge
CMBtBy3RqNbZXC0mmj,40646,80,1,POST,/queue/getmessage?duration=180000&interval=25&sso=91c2b44e0cc2e21ed49576ab6732c15b5c8a86e5f4211feb4a1e9a086dddf9d2663e7c6b035a33b43dd98c6168842c6bb4db90d7a83e0ad2cd8bf0010e8814e9836421ead32d055f3e05c80ba69c0955770db808bd9918cf1e9f2eb8ad0b227a626246c01274a1ddbc7663ca1a01aec93f5a829577f38c832649cf73f72a0c0d2fbe75ecf4adb27e0fe3bf0d10027b873f056baefe608d4d85f0fd8413d0a6ed3afe12cb943d5b384576983a1fc606ce661ee9090c3bfde87fa5e66716ac060b&i=92e110304365269bee25c0ad3f5eb0e4&auth=7d6be3f468b41e2d82066bcc2a8ea7e686afbab9,-,1.1,-,-,128,32,200,OK,-,-,(empty),-,-,-,FDzzhU2Wy4vZSL78a5,-,text/plain,FGABIl2wPzUyADmHXj,-,text/plain,HueBridge
Cjve2v4xzCm7QAQ3Fg,40647,80,1,POST,/queue/getmessage?duration=180000&interval=25&sso=91c2b44e0cc2e21ed49576ab6732c15b5c8a86e5f4211feb4a1e9a086dddf9d2663e7c6b035a33b43dd98c6168842c6bb4db90d7a83e0ad2cd8bf0010e8814e9836421ead32d055f3e05c80ba69c0955770db808bd9918cf1e9f2eb8ad0b227a626246c01274a1ddbc7663ca1a01aec93f5a829577f38c832649cf73f72a0c0d2fbe75ecf4adb27e0fe3bf0d10027b873f056baefe608d4d85f0fd8413d0a6ed3afe12cb943d5b384576983a1fc606ce661ee9090c3bfde87fa5e66716ac060b&i=8ea27e0fd832aa109a0ad9a3b62ac20d&auth=426e1ba61dd3ab9fe4a95aa4ed4f7945c648a642,-,1.1,-,-,128,32,200,OK,-,-,(empty),-,-,-,FDCo321FpAPizedjhh,-,text/plain,FWHcWSbnVxHedBEB1,-,text/plain,HueBridge
CNVZDY1Fr7mNJbqMkh,40648,80,1,POST,/queue/getmessage?duration=180000&interval=25&sso=91c2b44e0cc2e21ed49576ab6732c15b5c8a86e5f4211feb4a1e9a086dddf9d2663e7c6b035a33b43dd98c6168842c6bb4db90d7a83e0ad2cd8bf0010e8814e9836421ead32d055f3e05c80ba69c0955770db808bd9918cf1e9f2eb8ad0b227a626246c01274a1ddbc7663ca1a01aec93f5a829577f38c832649cf73f72a0c0d2fbe75ecf4adb27e0fe3bf0d10027b873f056baefe608d4d85f0fd8413d0a6ed3afe12cb943d5b384576983a1fc606ce661ee9090c3bfde87fa5e66716ac060b&i=3635775e8ba273686a30eab7b0175423&auth=79ce7aa7a4d7fe4050955ab537f239807e12ee32,-,1.1,-,-,128,32,200,OK,-,-,(empty),-,-,-,Fa5Cfe4sxKqYVyRhnb,-,text/plain,FGE01w3Ev7JsbOoY18,-,text/plain,HueBridge
ChVoJyaSjmnjlw5gk,40649,80,1,POST,/queue/getmessage?duration=180000&interval=25&sso=91c2b44e0cc2e21ed49576ab6732c15b5c8a86e5f4211feb4a1e9a086dddf9d2663e7c6b035a33b43dd98c6168842c6bb4db90d7a83e0ad2cd8bf0010e8814e9836421ead32d055f3e05c80ba69c0955770db808bd9918cf1e9f2eb8ad0b227a626246c01274a1ddbc7663ca1a01aec93f5a829577f38c832649cf73f72a0c0d2fbe75ecf4adb27e0fe3bf0d10027b873f056baefe608d4d85f0fd8413d0a6ed3afe12cb943d5b384576983a1fc606ce661ee9090c3bfde87fa5e66716ac060b&i=bacec12348b1acdf839a63d1f01b3d3a&auth=fd7c1c3c76ec0b741cce51ea7a5dcbcf22348c9b,-,1.1,-,-,128,32,200,OK,-,-,(empty),-,-,-,FMR0Kq33OuRZGaoxhk,-,text/plain,FydQiz1HLsGsQt7dH3,-,text/plain,HueBridge
CxQb5z3M7x6KdZlNs5,42952,80,1,GET,/api/792c3bef656bfd83720765ec2f717b9c,-,1.1,Dalvik/2.1.0 (Linux; U; Android 5.1.1; SM-N7505 Build/LMY47X),-,0,1553,200,OK,-,-,(empty),-,-,-,-,-,-,FFxOwj1Gu1bxNMygaa,-,text/json,HueBridge
CwWq9O1t5zgs8TS8Q3,40650,80,1,POST,/queue/getmessage?duration=180000&interval=25&sso=91c2b44e0cc2e21ed49576ab6732c15b5c8a86e5f4211feb4a1e9a086dddf9d2663e7c6b035a33b43dd98c6168842c6bb4db90d7a83e0ad2cd8bf0010e8814e9836421ead32d055f3e05c80ba69c0955770db808bd9918cf1e9f2eb8ad0b227a626246c01274a1ddbc7663ca1a01aec93f5a829577f38c832649cf73f72a0c0d2fbe75ecf4adb27e0fe3bf0d10027b873f056baefe608d4d85f0fd8413d0a6ed3afe12cb943d5b384576983a1fc606ce661ee9090c3bfde87fa5e66716ac060b&i=865ff7fd85143f08aa19e457976bfab7&auth=b79132d843a4317749f6ab34821f89e2fa51697a,-,1.1,-,-,128,32,200,OK,-,-,(empty),-,-,-,Feg9P73y3USuYvJKv1,-,text/plain,F9qTEm1yraiC4dq2fa,-,text/plain,HueBridge
C1rVLH1rdm6q5P4gDa,40651,80,1,POST,/queue/getmessage?duration=180000&interval=25&sso=91c2b44e0cc2e21ed49576ab6732c15b5c8a86e5f4211feb4a1e9a086dddf9d2663e7c6b035a33b43dd98c6168842c6bb4db90d7a83e0ad2cd8bf0010e8814e9836421ead32d055f3e05c80ba69c0955770db808bd9918cf1e9f2eb8ad0b227a626246c01274a1ddbc7663ca1a01aec93f5a829577f38c832649cf73f72a0c0d2fbe75ecf4adb27e0fe3bf0d10027b873f056baefe608d4d85f0fd8413d0a6ed3afe12cb943d5b384576983a1fc606ce661ee9090c3bfde87fa5e66716ac060b&i=d9d57b7e6e7f69e58df7f955c46eb59d&auth=1111e94b0040095fdcd7bbd34054d7446f3af5ae,-,1.1,-,-,128,32,200,OK,-,-,(empty),-,-,-,FZF9IV193p5DhXtfs5,-,text/plain,FETfYD1L9wPqq5FIVd,-,text/plain,HueBridge
ClhdY83zziQciMAil6,40652,80,1,POST,/queue/getmessage?duration=180000&interval=25&sso=91c2b44e0cc2e21ed49576ab6732c15b5c8a86e5f4211feb4a1e9a086dddf9d2663e7c6b035a33b43dd98c6168842c6bb4db90d7a83e0ad2cd8bf0010e8814e9836421ead32d055f3e05c80ba69c0955770db808bd9918cf1e9f2eb8ad0b227a626246c01274a1ddbc7663ca1a01aec93f5a829577f38c832649cf73f72a0c0d2fbe75ecf4adb27e0fe3bf0d10027b873f056baefe608d4d85f0fd8413d0a6ed3afe12cb943d5b384576983a1fc606ce661ee9090c3bfde87fa5e66716ac060b&i=99bc110c77908f1dea251f216e7996c6&auth=458f79aef288cf88a81a5f94411dbbfef3f40f2c,-,1.1,-,-,128,32,200,OK,-,-,(empty),-,-,-,Ff4ihn2O45POvYoaD3,-,text/plain,FdoY2U26Q7AOMV0Ivh,-,text/plain,HueBridge
